날짜,순번,구분,홈,원정,시간,구장,생중계,라운드,비고,승패,시즌,경기날짜
2017-10-14,1.0,남자,현대캐피탈,대한항공,14:00,천안유관순,KBSN Sports,V리그 1Round,하이라이트 상세결과,1,014,10. 14 (토)
2017-10-15,3.0,남자,KB손해보험,삼성화재,14:00,의정부,KBSN Sports,V리그 1Round,하이라이트 상세결과,1,014,10. 15 (일)
2017-10-17,6.0,남자,OK저축은행,한국전력,19:00,안산상록수,SBS Sports,V리그 1Round,하이라이트 상세결과,1,014,10. 17 (화)
2017-10-18,8.0,남자,KB손해보험,현대캐피탈,19:00,의정부,KBSN Sports,V리그 1Round,하이라이트 상세결과,1,014,10. 18 (수)
2017-10-19,9.0,남자,대한항공,우리카드,19:00,인천계양,SBS Sports,V리그 1Round,하이라이트 상세결과,1,014,10. 19 (목)
2017-10-20,10.0,남자,삼성화재,OK저축은행,19:00,대전충무,SBS Sports,V리그 1Round,하이라이트 상세결과,0,014,10. 20 (금)
2017-10-21,11.0,남자,KB손해보험,한국전력,15:01,의정부,SBS Sports,V리그 1Round,하이라이트 상세결과,0,014,10. 21 (토)
2017-10-22,13.0,남자,우리카드,현대캐피탈,15:10,서울장충,SBS Sports,V리그 1Round,하이라이트 상세결과,0,014,10. 22 (일)
2017-10-24,16.0,남자,OK저축은행,대한항공,19:00,안산상록수,KBSN Sports,V리그 1Round,하이라이트 상세결과,0,014,10. 24 (화)
2017-10-25,18.0,남자,우리카드,삼성화재,19:00,서울장충,KBSN Sports,V리그 1Round,하이라이트 상세결과,0,014,10. 25 (수)
2017-10-26,19.0,남자,한국전력,현대캐피탈,19:10,수원,KBSN Sports,V리그 1Round,하이라이트 상세결과,1,014,10. 26 (목)
2017-10-27,20.0,남자,우리카드,OK저축은행,19:00,서울장충,KBSN Sports,V리그 1Round,하이라이트 상세결과,1,014,10. 27 (금)
2017-10-28,21.0,남자,대한항공,KB손해보험,14:00,인천계양,KBSN Sports,V리그 1Round,하이라이트 상세결과,0,014,10. 28 (토)
2017-10-29,23.0,남자,한국전력,삼성화재,14:00,수원,KBSN Sports,V리그 1Round,하이라이트 상세결과,0,014,10. 29 (일)
2017-10-31,26.0,남자,현대캐피탈,OK저축은행,19:00,천안유관순,SBS Sports,V리그 1Round,하이라이트 상세결과,1,014,10. 31 (화)
2017-11-01,28.0,남자,우리카드,KB손해보험,19:00,서울장충,SBS Sports,V리그 1Round,하이라이트 상세결과,1,014,11. 01 (수)
2017-11-02,29.0,남자,한국전력,대한항공,19:00,수원,SBS Sports,V리그 1Round,하이라이트 상세결과,0,014,11. 02 (목)
2017-11-03,30.0,남자,삼성화재,현대캐피탈,19:00,대전충무,SBS Sports,V리그 1Round,하이라이트 상세결과,1,014,11. 03 (금)
2017-11-04,31.0,남자,OK저축은행,KB손해보험,14:00,안산상록수,SBS Sports,V리그 1Round,하이라이트 상세결과,0,014,11. 04 (토)
2017-11-05,33.0,남자,한국전력,우리카드,14:00,수원,SBS Sports,V리그 1Round,하이라이트 상세결과,1,014,11. 05 (일)
2017-11-07,36.0,남자,대한항공,삼성화재,19:00,인천계양,KBSN Sports,V리그 1Round,하이라이트 상세결과,0,014,11. 07 (화)
2017-11-08,38.0,남자,KB손해보험,OK저축은행,19:00,의정부,KBSN Sports,V리그 2Round,하이라이트 상세결과,0,014,11. 08 (수)
2017-11-09,40.0,남자,우리카드,한국전력,19:00,서울장충,KBSN Sports,V리그 2Round,하이라이트 상세결과,1,014,11. 09 (목)
2017-11-10,41.0,남자,삼성화재,대한항공,19:00,대전충무,KBSN Sports,V리그 2Round,하이라이트 상세결과,1,014,11. 10 (금)
2017-11-11,42.0,남자,OK저축은행,현대캐피탈,14:00,안산상록수,KBSN Sports,V리그 2Round,하이라이트 상세결과,0,014,11. 11 (토)
2017-11-12,45.0,남자,우리카드,KB손해보험,16:10,서울장충,KBSN Sports,V리그 2Round,하이라이트 상세결과,0,014,11. 12 (일)
2017-11-14,47.0,남자,대한항공,한국전력,19:00,인천계양,SBS Sports,V리그 2Round,하이라이트 상세결과,1,014,11. 14 (화)
2017-11-15,49.0,남자,현대캐피탈,삼성화재,19:00,천안유관순,SBS Sports,V리그 2Round,하이라이트 상세결과,0,014,11. 15 (수)
2017-11-16,51.0,남자,OK저축은행,우리카드,19:00,안산상록수,SBS Sports,V리그 2Round,하이라이트 상세결과,0,014,11. 16 (목)
2017-11-17,52.0,남자,대한항공,KB손해보험,19:00,인천계양,KBSN Sports,V리그 2Round,하이라이트 상세결과,0,014,11. 17 (금)
2017-11-18,53.0,남자,삼성화재,한국전력,14:01,대전충무,SBS Sports,V리그 2Round,하이라이트 상세결과,1,014,11. 18 (토)
2017-11-19,55.0,남자,우리카드,현대캐피탈,14:00,서울장충,SBS Sports,V리그 2Round,하이라이트 상세결과,0,014,11. 19 (일)
2017-11-21,58.0,남자,대한항공,OK저축은행,19:00,인천계양,KBSN Sports,V리그 2Round,하이라이트 상세결과,0,014,11. 21 (화)
2017-11-22,60.0,남자,KB손해보험,삼성화재,19:00,의정부,KBSN Sports,V리그 2Round,하이라이트 상세결과,0,014,11. 22 (수)
2017-11-23,61.0,남자,현대캐피탈,한국전력,19:00,천안유관순,KBSN Sports,V리그 2Round,하이라이트 상세결과,1,014,11. 23 (목)
2017-11-24,62.0,남자,우리카드,대한항공,19:00,서울장충,KBSN Sports,V리그 2Round,하이라이트 상세결과,0,014,11. 24 (금)
2017-11-25,63.0,남자,삼성화재,OK저축은행,14:00,대전충무,KBSN Sports,V리그 2Round,하이라이트 상세결과,1,014,11. 25 (토)
2017-11-26,65.0,남자,KB손해보험,한국전력,14:00,의정부,KBSN Sports,V리그 2Round,하이라이트 상세결과,0,014,11. 26 (일)
2017-11-28,68.0,남자,대한항공,현대캐피탈,19:00,인천계양,SBS Sports,V리그 2Round,하이라이트 상세결과,1,014,11. 28 (화)
2017-11-29,70.0,남자,삼성화재,우리카드,19:00,대전충무,SBS Sports,V리그 2Round,하이라이트 상세결과,1,014,11. 29 (수)
2017-11-30,71.0,남자,한국전력,OK저축은행,19:00,수원,SBS Sports,V리그 2Round,하이라이트 상세결과,1,014,11. 30 (목)
2017-12-01,72.0,남자,현대캐피탈,KB손해보험,19:00,천안유관순,SBS Sports,V리그 2Round,하이라이트 상세결과,1,014,12. 01 (금)
2017-12-02,73.0,남자,대한항공,삼성화재,14:00,인천계양,SBS Sports,V리그 3Round,하이라이트 상세결과,0,014,12. 02 (토)
2017-12-03,75.0,남자,우리카드,한국전력,14:00,서울장충,SBS Sports,V리그 3Round,하이라이트 상세결과,1,014,12. 03 (일)
2017-12-05,78.0,남자,OK저축은행,KB손해보험,19:00,안산상록수,KBSN Sports,V리그 3Round,하이라이트 상세결과,0,014,12. 05 (화)
2017-12-06,80.0,남자,삼성화재,현대캐피탈,19:00,대전충무,KBSN Sports,V리그 3Round,하이라이트 상세결과,0,014,12. 06 (수)
2017-12-07,81.0,남자,한국전력,대한항공,19:00,수원,KBSN Sports,V리그 3Round,하이라이트 상세결과,0,014,12. 07 (목)
2017-12-08,82.0,남자,KB손해보험,우리카드,19:00,의정부,KBSN Sports,V리그 3Round,하이라이트 상세결과,1,014,12. 08 (금)
2017-12-09,83.0,남자,현대캐피탈,OK저축은행,14:00,천안유관순,KBSN Sports,V리그 3Round,하이라이트 상세결과,1,014,12. 09 (토)
2017-12-10,85.0,남자,삼성화재,한국전력,14:00,대전충무,KBSN Sports,V리그 3Round,하이라이트 상세결과,0,014,12. 10 (일)
2017-12-12,88.0,남자,KB손해보험,대한항공,19:00,의정부,SBS Sports,V리그 3Round,하이라이트 상세결과,0,014,12. 12 (화)
2017-12-13,90.0,남자,OK저축은행,우리카드,19:00,안산상록수,SBS Sports,V리그 3Round,하이라이트 상세결과,0,014,12. 13 (수)
2017-12-14,92.0,남자,한국전력,현대캐피탈,19:00,수원,SBS Sports,V리그 3Round,하이라이트 상세결과,0,014,12. 14 (목)
2017-12-15,93.0,남자,삼성화재,KB손해보험,19:10,대전충무,SBS Sports,V리그 3Round,하이라이트 상세결과,1,014,12. 15 (금)
2017-12-16,94.0,남자,OK저축은행,대한항공,14:00,안산상록수,SBS Sports,V리그 3Round,하이라이트 상세결과,0,014,12. 16 (토)
2017-12-17,96.0,남자,현대캐피탈,우리카드,14:00,천안유관순,SBS Sports,V리그 3Round,하이라이트 상세결과,0,014,12. 17 (일)
2017-12-19,98.0,남자,한국전력,KB손해보험,19:00,수원,SBS Sports,V리그 3Round,하이라이트 상세결과,1,014,12. 19 (화)
2017-12-20,100.0,남자,OK저축은행,삼성화재,19:00,안산상록수,KBSN Sports,V리그 3Round,하이라이트 상세결과,0,014,12. 20 (수)
2017-12-21,101.0,남자,대한항공,우리카드,19:00,인천계양,KBSN Sports,V리그 3Round,하이라이트 상세결과,1,014,12. 21 (목)
2017-12-22,102.0,남자,KB손해보험,현대캐피탈,19:00,의정부,KBSN Sports,V리그 3Round,하이라이트 상세결과,1,014,12. 22 (금)
2017-12-23,103.0,남자,OK저축은행,한국전력,14:00,안산상록수,KBSN Sports,V리그 3Round,하이라이트 상세결과,0,014,12. 23 (토)
2017-12-24,105.0,남자,삼성화재,우리카드,14:00,대전충무,SBS Sports,V리그 3Round,하이라이트 상세결과,1,014,12. 24 (일)
2017-12-25,107.0,남자,현대캐피탈,대한항공,14:00,천안유관순,SBS Sports,V리그 3Round,하이라이트 상세결과,1,014,12. 25 (월)
2017-12-26,109.0,남자,KB손해보험,OK저축은행,19:00,의정부,SBS Sports,V리그 4Round,하이라이트 상세결과,0,014,12. 26 (화)
2017-12-27,111.0,남자,한국전력,우리카드,19:00,수원,SBS Sports,V리그 4Round,하이라이트 상세결과,1,014,12. 27 (수)
2017-12-28,112.0,남자,삼성화재,대한항공,19:00,대전충무,SBS Sports,V리그 4Round,하이라이트 상세결과,0,014,12. 28 (목)
2017-12-29,113.0,남자,OK저축은행,현대캐피탈,19:00,안산상록수,SBS Sports,V리그 4Round,하이라이트 상세결과,0,014,12. 29 (금)
2017-12-30,114.0,남자,KB손해보험,우리카드,14:00,의정부,SBS Sports,V리그 4Round,하이라이트 상세결과,1,014,12. 30 (토)
2017-12-31,116.0,남자,대한항공,한국전력,14:00,인천계양,SBS Sports,V리그 4Round,하이라이트 상세결과,0,014,12. 31 (일)
2018-01-01,118.0,남자,현대캐피탈,삼성화재,14:00,천안유관순,KBSN Sports,V리그 4Round,하이라이트 상세결과,1,014,01. 01 (월)
2018-01-02,120.0,남자,우리카드,OK저축은행,19:00,서울장충,KBSN Sports,V리그 4Round,하이라이트 상세결과,1,014,01. 02 (화)
2018-01-03,122.0,남자,KB손해보험,대한항공,19:00,의정부,KBSN Sports,V리그 4Round,하이라이트 상세결과,0,014,01. 03 (수)
2018-01-04,123.0,남자,한국전력,삼성화재,19:00,수원,KBSN Sports,V리그 4Round,하이라이트 상세결과,1,014,01. 04 (목)
2018-01-05,124.0,남자,현대캐피탈,우리카드,19:00,천안유관순,KBSN Sports,V리그 4Round,하이라이트 상세결과,1,014,01. 05 (금)
2018-01-06,125.0,남자,대한항공,OK저축은행,14:00,인천계양,KBSN Sports,V리그 4Round,하이라이트 상세결과,1,014,01. 06 (토)
2018-01-07,127.0,남자,삼성화재,KB손해보험,14:00,대전충무,KBSN Sports,V리그 4Round,하이라이트 상세결과,1,014,01. 07 (일)
2018-01-09,130.0,남자,현대캐피탈,한국전력,19:00,천안유관순,SBS Sports,V리그 4Round,하이라이트 상세결과,1,014,01. 09 (화)
2018-01-10,132.0,남자,우리카드,대한항공,19:00,서울장충,SBS Sports,V리그 4Round,하이라이트 상세결과,1,014,01. 10 (수)
2018-01-11,134.0,남자,OK저축은행,삼성화재,19:00,안산상록수,SBS Sports,V리그 4Round,하이라이트 상세결과,0,014,01. 11 (목)
2018-01-12,135.0,남자,KB손해보험,한국전력,19:00,의정부,SBS Sports,V리그 4Round,하이라이트 상세결과,1,014,01. 12 (금)
2018-01-13,136.0,남자,대한항공,현대캐피탈,14:00,인천계양,SBS Sports,V리그 4Round,하이라이트 상세결과,0,014,01. 13 (토)
2018-01-14,138.0,남자,우리카드,삼성화재,14:00,서울장충,SBS Sports,V리그 4Round,하이라이트 상세결과,0,014,01. 14 (일)
2018-01-16,141.0,남자,OK저축은행,한국전력,19:00,안산상록수,KBSN Sports,V리그 4Round,하이라이트 상세결과,0,014,01. 16 (화)
2018-01-17,143.0,남자,현대캐피탈,KB손해보험,19:00,천안유관순,KBSN Sports,V리그 4Round,하이라이트 상세결과,1,014,01. 17 (수)
2018-01-24,145.0,남자,대한항공,삼성화재,19:00,인천계양,KBSN Sports,V리그 5Round,하이라이트 상세결과,1,014,01. 24 (수)
2018-01-25,147.0,남자,OK저축은행,KB손해보험,19:00,안산상록수,SBS Sports,V리그 5Round,하이라이트 상세결과,0,014,01. 25 (목)
2018-01-26,148.0,남자,우리카드,한국전력,19:00,서울장충,KBSN Sports,V리그 5Round,하이라이트 상세결과,1,014,01. 26 (금)
2018-01-27,149.0,남자,현대캐피탈,대한항공,14:00,천안유관순,KBSN Sports,V리그 5Round,하이라이트 상세결과,0,014,01. 27 (토)
2018-01-28,151.0,남자,삼성화재,OK저축은행,14:00,대전충무,KBSN Sports,V리그 5Round,하이라이트 상세결과,1,014,01. 28 (일)
2018-01-30,154.0,남자,우리카드,KB손해보험,19:00,서울장충,SBS Sports,V리그 5Round,하이라이트 상세결과,1,014,01. 30 (화)
2018-01-31,156.0,남자,한국전력,현대캐피탈,19:00,수원,SBS Sports,V리그 5Round,하이라이트 상세결과,0,014,01. 31 (수)
2018-02-01,157.0,남자,OK저축은행,대한항공,19:00,안산상록수,SBS Sports,V리그 5Round,하이라이트 상세결과,0,014,02. 01 (목)
2018-02-02,158.0,남자,우리카드,삼성화재,19:00,서울장충,SBS Sports,V리그 5Round,하이라이트 상세결과,0,014,02. 02 (금)
2018-02-03,159.0,남자,한국전력,KB손해보험,14:00,수원,SBS Sports,V리그 5Round,하이라이트 상세결과,0,014,02. 03 (토)
2018-02-04,161.0,남자,현대캐피탈,OK저축은행,14:00,천안유관순,SBS Sports,V리그 5Round,하이라이트 상세결과,1,014,02. 04 (일)
2018-02-06,164.0,남자,우리카드,대한항공,19:00,서울장충,KBSN Sports,V리그 5Round,하이라이트 상세결과,0,014,02. 06 (화)
2018-02-07,166.0,남자,삼성화재,한국전력,19:00,대전충무,KBSN Sports,V리그 5Round,하이라이트 상세결과,0,014,02. 07 (수)
2018-02-08,168.0,남자,KB손해보험,현대캐피탈,19:00,의정부,KBSN Sports,V리그 5Round,하이라이트 상세결과,1,014,02. 08 (목)
2018-02-09,169.0,남자,우리카드,OK저축은행,19:00,서울장충,KBSN Sports,V리그 5Round,하이라이트 상세결과,0,014,02. 09 (금)
2018-02-10,170.0,남자,한국전력,대한항공,14:00,수원,KBSN Sports,V리그 5Round,하이라이트 상세결과,0,014,02. 10 (토)
2018-02-11,172.0,남자,KB손해보험,삼성화재,14:00,의정부,KBSN Sports,V리그 5Round,하이라이트 상세결과,1,014,02. 11 (일)
2018-02-13,175.0,남자,현대캐피탈,우리카드,19:00,천안유관순,KBSN Sports,V리그 5Round,하이라이트 상세결과,1,014,02. 13 (화)
2018-02-14,177.0,남자,한국전력,OK저축은행,19:00,수원,KBSN Sports,V리그 5Round,하이라이트 상세결과,1,014,02. 14 (수)
2018-02-15,178.0,남자,대한항공,KB손해보험,14:00,인천계양,KBSN Sports,V리그 5Round,하이라이트 상세결과,1,014,02. 15 (목)
2018-02-16,180.0,남자,삼성화재,현대캐피탈,14:00,대전충무,KBSN Sports,V리그 5Round,하이라이트 상세결과,0,014,02. 16 (금)
2018-02-17,181.0,남자,한국전력,OK저축은행,14:00,수원,SBS Sports,V리그 6Round,하이라이트 상세결과,0,014,02. 17 (토)
2018-02-18,183.0,남자,KB손해보험,대한항공,14:00,의정부,SBS Sports,V리그 6Round,하이라이트 상세결과,1,014,02. 18 (일)
2018-02-20,186.0,남자,현대캐피탈,삼성화재,19:00,천안유관순,SBS Sports,V리그 6Round,하이라이트 상세결과,0,014,02. 20 (화)
2018-02-21,188.0,남자,OK저축은행,우리카드,19:00,안산상록수,SBS Sports,V리그 6Round,하이라이트 상세결과,1,014,02. 21 (수)
2018-02-22,190.0,남자,대한항공,한국전력,19:00,인천계양,SBS Sports,V리그 6Round,하이라이트 상세결과,1,014,02. 22 (목)
2018-02-23,191.0,남자,삼성화재,KB손해보험,19:00,대전충무,SBS Sports,V리그 6Round,하이라이트 상세결과,1,014,02. 23 (금)
2018-02-25,193.0,남자,우리카드,현대캐피탈,14:00,서울장충,SBS Sports,V리그 6Round,하이라이트 상세결과,0,014,02. 25 (일)
2018-02-27,195.0,남자,삼성화재,대한항공,19:00,대전충무,KBSN Sports,V리그 6Round,하이라이트 상세결과,0,014,02. 27 (화)
2018-02-28,197.0,남자,KB손해보험,OK저축은행,19:00,의정부,KBSN Sports,V리그 6Round,하이라이트 상세결과,1,014,02. 28 (수)
2018-03-01,198.0,남자,한국전력,우리카드,14:00,수원,KBSN Sports,V리그 6Round,하이라이트 상세결과,1,014,03. 01 (목)
2018-03-02,200.0,남자,대한항공,현대캐피탈,19:00,인천계양,KBSN Sports,V리그 6Round,하이라이트 상세결과,1,014,03. 02 (금)
2018-03-03,201.0,남자,OK저축은행,삼성화재,14:00,안산상록수,KBSN Sports,V리그 6Round,하이라이트 상세결과,0,014,03. 03 (토)
2018-03-04,203.0,남자,KB손해보험,우리카드,14:00,의정부,KBSN Sports,V리그 6Round,하이라이트 상세결과,0,014,03. 04 (일)
2018-03-06,206.0,남자,현대캐피탈,한국전력,19:00,천안유관순,SBS Sports,V리그 6Round,하이라이트 상세결과,0,014,03. 06 (화)
2018-03-07,207.0,남자,대한항공,OK저축은행,19:00,인천계양,SBS Sports,V리그 6Round,하이라이트 상세결과,0,014,03. 07 (수)
2018-03-08,208.0,남자,삼성화재,우리카드,19:00,대전충무,SBS Sports,V리그 6Round,하이라이트 상세결과,0,014,03. 08 (목)
2018-03-09,209.0,남자,한국전력,KB손해보험,19:00,수원,SBS Sports,V리그 6Round,하이라이트 상세결과,0,014,03. 09 (금)
2018-03-10,210.0,남자,OK저축은행,현대캐피탈,14:00,안산상록수,SBS Sports,V리그 6Round,하이라이트 상세결과,1,014,03. 10 (토)
2018-03-11,212.0,남자,대한항공,우리카드,14:00,인천계양,KBSN Sports,V리그 6Round,하이라이트 상세결과,0,014,03. 11 (일)
2018-03-13,215.0,남자,한국전력,삼성화재,19:00,수원,SBS Sports,V리그 6Round,하이라이트 상세결과,1,014,03. 13 (화)
2018-03-14,216.0,남자,현대캐피탈,KB손해보험,19:00,천안유관순,KBSN Sports,V리그 6Round,하이라이트 상세결과,0,014,03. 14 (수)
2018-03-18,218.0,남자,삼성화재,대한항공,14:27,대전충무,KBS1,V리그 플레이오프,하이라이트 상세결과,1,014,03. 18 (일)
2018-03-20,220.0,남자,대한항공,삼성화재,19:00,인천계양,KBSN Sports / SBS Sports,V리그 플레이오프,하이라이트 상세결과,1,014,03. 20 (화)
2018-03-22,222.0,남자,삼성화재,대한항공,19:00,대전충무,KBSN Sports / SBS Sports,V리그 플레이오프,하이라이트 상세결과,0,014,03. 22 (목)
2018-03-24,224.0,남자,현대캐피탈,대한항공,19:00,천안유관순,KBSN Sports / SBS Sports,V리그 챔피언결정전,하이라이트 상세결과,1,014,03. 24 (토)
2018-03-26,226.0,남자,현대캐피탈,대한항공,19:00,천안유관순,KBSN Sports / SBS Sports,V리그 챔피언결정전,하이라이트 상세결과,0,014,03. 26 (월)
2018-03-28,228.0,남자,대한항공,현대캐피탈,19:01,인천계양,SBS Sports,V리그 챔피언결정전,하이라이트 상세결과,1,014,03. 28 (수)
2018-03-30,229.0,남자,대한항공,현대캐피탈,19:00,인천계양,KBSN Sports,V리그 챔피언결정전,하이라이트 상세결과,1,014,03. 30 (금)
2018-10-13,1.0,남자,대한항공,현대캐피탈,14:00,인천계양,KBSN Sports / SBS Sports,V리그 1Round,하이라이트 경기요약 상세결과,0,015,10. 13 (토)
2018-10-14,2.0,남자,삼성화재,우리카드,14:00,대전충무,KBSN Sports / SBS Sports,V리그 1Round,하이라이트 경기요약 상세결과,1,015,10. 14 (일)
2018-10-15,3.0,남자,OK저축은행,한국전력,19:00,안산상록수,SBS Sports,V리그 1Round,하이라이트 경기요약 상세결과,1,015,10. 15 (월)
2018-10-16,4.0,남자,KB손해보험,대한항공,19:01,의정부,KBSN Sports / SBS Sports,V리그 1Round,하이라이트 경기요약 상세결과,0,015,10. 16 (화)
2018-10-18,5.0,남자,우리카드,OK저축은행,19:00,서울장충,KBSN Sports / SBS Sports,V리그 1Round,하이라이트 경기요약 상세결과,0,015,10. 18 (목)
2018-10-19,6.0,남자,대한항공,한국전력,19:00,인천계양,KBSN Sports / SBS Sports,V리그 1Round,하이라이트 경기요약 상세결과,1,015,10. 19 (금)
2018-10-20,7.0,남자,현대캐피탈,삼성화재,14:00,천안유관순,KBSN Sports / SBS Sports,V리그 1Round,하이라이트 경기요약 상세결과,1,015,10. 20 (토)
2018-10-21,8.0,남자,OK저축은행,KB손해보험,14:00,안산상록수,KBSN Sports / SBS Sports,V리그 1Round,하이라이트 경기요약 상세결과,1,015,10. 21 (일)
2018-10-22,10.0,남자,우리카드,대한항공,19:00,서울장충,SBS Sports,V리그 1Round,하이라이트 경기요약 상세결과,0,015,10. 22 (월)
2018-10-23,12.0,남자,삼성화재,한국전력,19:00,대전충무,SBS Sports,V리그 1Round,하이라이트 경기요약 상세결과,1,015,10. 23 (화)
2018-10-25,15.0,남자,KB손해보험,우리카드,19:00,의정부,SBS Sports,V리그 1Round,하이라이트 경기요약 상세결과,1,015,10. 25 (목)
2018-10-26,17.0,남자,OK저축은행,현대캐피탈,19:00,안산상록수,SBS Sports,V리그 1Round,하이라이트 경기요약 상세결과,0,015,10. 26 (금)
2018-10-27,18.0,남자,대한항공,삼성화재,14:00,인천계양,SBS Sports,V리그 1Round,하이라이트 경기요약 상세결과,1,015,10. 27 (토)
2018-10-28,20.0,남자,한국전력,KB손해보험,14:00,수원,SBS Sports,V리그 1Round,하이라이트 경기요약 상세결과,0,015,10. 28 (일)
2018-10-29,23.0,남자,현대캐피탈,우리카드,19:00,천안유관순,KBSN Sports,V리그 1Round,하이라이트 경기요약 상세결과,0,015,10. 29 (월)
2018-10-30,24.0,남자,삼성화재,OK저축은행,19:00,대전충무,KBSN Sports,V리그 1Round,하이라이트 경기요약 상세결과,0,015,10. 30 (화)
2018-11-01,28.0,남자,한국전력,현대캐피탈,19:00,수원,KBSN Sports,V리그 1Round,하이라이트 경기요약 상세결과,0,015,11. 01 (목)
2018-11-02,30.0,남자,KB손해보험,삼성화재,19:00,의정부,SBS Sports,V리그 1Round,하이라이트 경기요약 상세결과,0,015,11. 02 (금)
2018-11-03,31.0,남자,OK저축은행,대한항공,14:00,안산상록수,KBSN Sports,V리그 1Round,하이라이트 경기요약 상세결과,1,015,11. 03 (토)
2018-11-04,33.0,남자,우리카드,한국전력,14:00,서울장충,KBSN Sports,V리그 1Round,하이라이트 경기요약 상세결과,1,015,11. 04 (일)
2018-11-05,36.0,남자,현대캐피탈,KB손해보험,19:00,천안유관순,SBS Sports,V리그 1Round,하이라이트 경기요약 상세결과,1,015,11. 05 (월)
2018-11-06,37.0,남자,OK저축은행,삼성화재,19:05,안산상록수,SBS Sports,V리그 2Round,하이라이트 경기요약 상세결과,1,015,11. 06 (화)
2018-11-08,40.0,남자,한국전력,대한항공,19:00,수원,SBS Sports,V리그 2Round,하이라이트 경기요약 상세결과,0,015,11. 08 (목)
2018-11-09,41.0,남자,우리카드,현대캐피탈,19:00,서울장충,SBS Sports,V리그 2Round,하이라이트 경기요약 상세결과,0,015,11. 09 (금)
2018-11-10,42.0,남자,삼성화재,KB손해보험,14:00,대전충무,SBS Sports,V리그 2Round,하이라이트 경기요약 상세결과,1,015,11. 10 (토)
2018-11-11,44.0,남자,OK저축은행,대한항공,14:00,안산상록수,SBS Sports,V리그 2Round,하이라이트 경기요약 상세결과,0,015,11. 11 (일)
2018-11-12,46.0,남자,우리카드,한국전력,19:00,서울장충,KBSN Sports,V리그 2Round,하이라이트 경기요약 상세결과,1,015,11. 12 (월)
2018-11-13,47.0,남자,삼성화재,현대캐피탈,19:00,대전충무,KBSN Sports,V리그 2Round,하이라이트 경기요약 상세결과,1,015,11. 13 (화)
2018-11-15,50.0,남자,KB손해보험,한국전력,19:00,의정부,KBSN Sports,V리그 2Round,하이라이트 경기요약 상세결과,1,015,11. 15 (목)
2018-11-16,51.0,남자,현대캐피탈,대한항공,19:01,천안유관순,KBSN Sports,V리그 2Round,하이라이트 경기요약 상세결과,0,015,11. 16 (금)
2018-11-17,52.0,남자,우리카드,OK저축은행,14:00,서울장충,KBSN Sports,V리그 2Round,하이라이트 경기요약 상세결과,1,015,11. 17 (토)
2018-11-18,54.0,남자,한국전력,삼성화재,14:00,수원,KBSN Sports,V리그 2Round,하이라이트 경기요약 상세결과,0,015,11. 18 (일)
2018-11-19,56.0,남자,대한항공,KB손해보험,19:00,인천계양,SBS Sports,V리그 2Round,하이라이트 경기요약 상세결과,1,015,11. 19 (월)
2018-11-20,57.0,남자,현대캐피탈,OK저축은행,19:00,천안유관순,SBS Sports,V리그 2Round,하이라이트 경기요약 상세결과,1,015,11. 20 (화)
2018-11-22,60.0,남자,우리카드,삼성화재,19:00,서울장충,SBS Sports,V리그 2Round,하이라이트 경기요약 상세결과,0,015,11. 22 (목)
2018-11-23,61.0,남자,KB손해보험,현대캐피탈,19:00,의정부,SBS Sports,V리그 2Round,하이라이트 경기요약 상세결과,0,015,11. 23 (금)
2018-11-24,62.0,남자,OK저축은행,한국전력,14:00,안산상록수,SBS Sports,V리그 2Round,하이라이트 경기요약 상세결과,1,015,11. 24 (토)
2018-11-25,64.0,남자,삼성화재,대한항공,14:00,대전충무,SBS Sports,V리그 2Round,하이라이트 경기요약 상세결과,0,015,11. 25 (일)
2018-11-26,66.0,남자,우리카드,KB손해보험,19:00,서울장충,KBSN Sports,V리그 2Round,하이라이트 경기요약 상세결과,1,015,11. 26 (월)
2018-11-27,67.0,남자,현대캐피탈,한국전력,19:00,천안유관순,KBSN Sports,V리그 2Round,하이라이트 경기요약 상세결과,1,015,11. 27 (화)
2018-11-29,71.0,남자,대한항공,우리카드,19:00,인천계양,KBSN Sports,V리그 2Round,하이라이트 경기요약 상세결과,0,015,11. 29 (목)
2018-11-30,72.0,남자,KB손해보험,OK저축은행,19:00,의정부,KBSN Sports,V리그 2Round,하이라이트 경기요약 상세결과,0,015,11. 30 (금)
2018-12-01,73.0,남자,한국전력,현대캐피탈,14:00,수원,KBSN Sports,V리그 3Round,하이라이트 경기요약 상세결과,0,015,12. 01 (토)
2018-12-02,75.0,남자,삼성화재,우리카드,14:00,대전충무,KBSN Sports,V리그 3Round,하이라이트 경기요약 상세결과,0,015,12. 02 (일)
2018-12-03,77.0,남자,KB손해보험,대한항공,19:00,의정부,SBS Sports,V리그 3Round,하이라이트 경기요약 상세결과,0,015,12. 03 (월)
2018-12-04,78.0,남자,OK저축은행,현대캐피탈,19:00,안산상록수,SBS Sports,V리그 3Round,하이라이트 경기요약 상세결과,0,015,12. 04 (화)
2018-12-06,81.0,남자,대한항공,삼성화재,19:00,인천계양,SBS Sports,V리그 3Round,하이라이트 경기요약 상세결과,0,015,12. 06 (목)
2018-12-07,82.0,남자,한국전력,OK저축은행,19:00,수원,SBS Sports,V리그 3Round,하이라이트 경기요약 상세결과,0,015,12. 07 (금)
2018-12-08,83.0,남자,현대캐피탈,KB손해보험,14:00,천안유관순,SBS Sports,V리그 3Round,하이라이트 경기요약 상세결과,1,015,12. 08 (토)
2018-12-09,85.0,남자,우리카드,대한항공,14:00,서울장충,SBS Sports,V리그 3Round,하이라이트 경기요약 상세결과,0,015,12. 09 (일)
2018-12-10,87.0,남자,삼성화재,한국전력,19:00,대전충무,KBSN Sports,V리그 3Round,하이라이트 경기요약 상세결과,1,015,12. 10 (월)
2018-12-11,88.0,남자,OK저축은행,KB손해보험,19:00,안산상록수,KBSN Sports,V리그 3Round,하이라이트 경기요약 상세결과,0,015,12. 11 (화)
2018-12-13,91.0,남자,대한항공,현대캐피탈,19:00,인천계양,KBSN Sports,V리그 3Round,하이라이트 경기요약 상세결과,1,015,12. 13 (목)
2018-12-14,92.0,남자,한국전력,우리카드,19:00,수원,KBSN Sports,V리그 3Round,하이라이트 경기요약 상세결과,0,015,12. 14 (금)
2018-12-15,93.0,남자,KB손해보험,삼성화재,14:00,의정부,KBSN Sports,V리그 3Round,하이라이트 경기요약 상세결과,0,015,12. 15 (토)
2018-12-16,95.0,남자,대한항공,OK저축은행,14:00,인천계양,KBSN Sports,V리그 3Round,하이라이트 경기요약 상세결과,0,015,12. 16 (일)
2018-12-17,97.0,남자,현대캐피탈,우리카드,19:00,천안유관순,SBS Sports,V리그 3Round,하이라이트 경기요약 상세결과,1,015,12. 17 (월)
2018-12-18,98.0,남자,한국전력,KB손해보험,19:00,수원,SBS Sports,V리그 3Round,하이라이트 경기요약 상세결과,1,015,12. 18 (화)
2018-12-20,101.0,남자,OK저축은행,우리카드,19:00,안산상록수,SBS Sports,V리그 3Round,하이라이트 경기요약 상세결과,0,015,12. 20 (목)
2018-12-21,102.0,남자,현대캐피탈,삼성화재,19:00,천안유관순,SBS Sports,V리그 3Round,하이라이트 경기요약 상세결과,1,015,12. 21 (금)
2018-12-22,103.0,남자,대한항공,한국전력,14:00,인천계양,SBS Sports,V리그 3Round,하이라이트 경기요약 상세결과,1,015,12. 22 (토)
2018-12-23,105.0,남자,KB손해보험,우리카드,14:00,의정부,SBS Sports,V리그 3Round,하이라이트 경기요약 상세결과,0,015,12. 23 (일)
2018-12-24,108.0,남자,삼성화재,OK저축은행,19:00,대전충무,KBSN Sports,V리그 3Round,하이라이트 경기요약 상세결과,1,015,12. 24 (월)
2018-12-25,110.0,남자,한국전력,대한항공,16:00,수원,KBSN Sports,V리그 4Round,하이라이트 경기요약 상세결과,0,015,12. 25 (화)
2018-12-27,112.0,남자,삼성화재,현대캐피탈,19:00,대전충무,KBSN Sports,V리그 4Round,하이라이트 경기요약 상세결과,1,015,12. 27 (목)
2018-12-28,113.0,남자,OK저축은행,우리카드,19:00,안산상록수,KBSN Sports,V리그 4Round,하이라이트 경기요약 상세결과,0,015,12. 28 (금)
2018-12-29,114.0,남자,대한항공,KB손해보험,14:00,인천계양,KBSN Sports,V리그 4Round,하이라이트 경기요약 상세결과,0,015,12. 29 (토)
2018-12-30,116.0,남자,현대캐피탈,한국전력,14:00,천안유관순,KBSN Sports,V리그 4Round,하이라이트 경기요약 상세결과,1,015,12. 30 (일)
2018-12-31,118.0,남자,우리카드,삼성화재,19:00,서울장충,SBS Sports,V리그 4Round,하이라이트 경기요약 상세결과,1,015,12. 31 (월)
2019-01-01,119.0,남자,KB손해보험,OK저축은행,14:00,의정부,SBS Sports,V리그 4Round,하이라이트 경기요약 상세결과,1,015,01. 01 (화)
2019-01-03,123.0,남자,우리카드,현대캐피탈,19:00,서울장충,SBS Sports,V리그 4Round,하이라이트 경기요약 상세결과,0,015,01. 03 (목)
2019-01-04,124.0,남자,삼성화재,대한항공,19:00,대전충무,SBS Sports,V리그 4Round,하이라이트 경기요약 상세결과,0,015,01. 04 (금)
2019-01-05,125.0,남자,KB손해보험,한국전력,14:00,의정부,SBS Sports,V리그 4Round,하이라이트 경기요약 상세결과,1,015,01. 05 (토)
2019-01-06,127.0,남자,현대캐피탈,OK저축은행,14:00,천안유관순,SBS Sports,V리그 4Round,하이라이트 경기요약 상세결과,1,015,01. 06 (일)
2019-01-07,129.0,남자,대한항공,우리카드,19:00,인천계양,KBSN Sports,V리그 4Round,하이라이트 경기요약 상세결과,1,015,01. 07 (월)
2019-01-08,130.0,남자,삼성화재,KB손해보험,19:00,대전충무,KBSN Sports,V리그 4Round,하이라이트 상세결과,1,015,01. 08 (화)
2019-01-10,133.0,남자,현대캐피탈,대한항공,19:00,천안유관순,KBSN Sports,V리그 4Round,하이라이트 경기요약 상세결과,1,015,01. 10 (목)
2019-01-11,134.0,남자,OK저축은행,삼성화재,19:00,안산상록수,KBSN Sports,V리그 4Round,하이라이트 경기요약 상세결과,1,015,01. 11 (금)
2019-01-12,135.0,남자,한국전력,우리카드,14:00,수원,KBSN Sports,V리그 4Round,하이라이트 경기요약 상세결과,0,015,01. 12 (토)
2019-01-13,137.0,남자,KB손해보험,현대캐피탈,14:00,의정부,KBSN Sports,V리그 4Round,하이라이트 경기요약 상세결과,0,015,01. 13 (일)
2019-01-14,139.0,남자,대한항공,OK저축은행,19:00,인천계양,SBS Sports,V리그 4Round,하이라이트 경기요약 상세결과,0,015,01. 14 (월)
2019-01-15,140.0,남자,한국전력,삼성화재,19:00,수원,SBS Sports,V리그 4Round,하이라이트 경기요약 상세결과,0,015,01. 15 (화)
2019-01-17,143.0,남자,우리카드,KB손해보험,19:00,서울장충,SBS Sports,V리그 4Round,하이라이트 경기요약 상세결과,1,015,01. 17 (목)
2019-01-18,144.0,남자,한국전력,OK저축은행,19:00,수원,SBS Sports,V리그 4Round,하이라이트 경기요약 상세결과,1,015,01. 18 (금)
2019-01-24,146.0,남자,우리카드,한국전력,19:00,서울장충,KBSN Sports,V리그 5Round,하이라이트 경기요약 상세결과,1,015,01. 24 (목)
2019-01-25,147.0,남자,KB손해보험,대한항공,19:00,의정부,KBSN Sports,V리그 5Round,하이라이트 경기요약 상세결과,1,015,01. 25 (금)
2019-01-26,148.0,남자,삼성화재,OK저축은행,14:05,대전충무,KBS1,V리그 5Round,하이라이트 경기요약 상세결과,0,015,01. 26 (토)
2019-01-27,150.0,남자,현대캐피탈,우리카드,14:00,천안유관순,KBSN Sports,V리그 5Round,하이라이트 경기요약 상세결과,0,015,01. 27 (일)
2019-01-28,152.0,남자,한국전력,KB손해보험,19:00,수원,SBS Sports,V리그 5Round,하이라이트 경기요약 상세결과,0,015,01. 28 (월)
2019-01-29,153.0,남자,OK저축은행,대한항공,19:00,안산상록수,SBS Sports,V리그 5Round,하이라이트 경기요약 상세결과,0,015,01. 29 (화)
2019-01-31,156.0,남자,현대캐피탈,삼성화재,19:00,천안유관순,SBS Sports,V리그 5Round,하이라이트 상세결과,1,015,01. 31 (목)
2019-02-01,157.0,남자,한국전력,OK저축은행,19:00,수원,SBS Sports,V리그 5Round,하이라이트 경기요약 상세결과,0,015,02. 01 (금)
2019-02-02,158.0,남자,KB손해보험,우리카드,14:00,의정부,SBS Sports,V리그 5Round,하이라이트 경기요약 상세결과,0,015,02. 02 (토)
2019-02-03,160.0,남자,대한항공,현대캐피탈,14:00,인천계양,SBS Sports,V리그 5Round,하이라이트 경기요약 상세결과,0,015,02. 03 (일)
2019-02-04,162.0,남자,삼성화재,한국전력,14:00,대전충무,KBSN Sports,V리그 5Round,하이라이트 경기요약 상세결과,1,015,02. 04 (월)
2019-02-05,164.0,남자,OK저축은행,KB손해보험,14:00,안산상록수,KBSN Sports,V리그 5Round,하이라이트 경기요약 상세결과,0,015,02. 05 (화)
2019-02-06,166.0,남자,우리카드,대한항공,14:00,서울장충,SBS Sports,V리그 5Round,하이라이트 경기요약 상세결과,0,015,02. 06 (수)
2019-02-07,168.0,남자,한국전력,현대캐피탈,19:00,수원,KBSN Sports,V리그 5Round,하이라이트 경기요약 상세결과,1,015,02. 07 (목)
2019-02-08,169.0,남자,KB손해보험,삼성화재,19:00,의정부,KBSN Sports,V리그 5Round,하이라이트 경기요약 상세결과,1,015,02. 08 (금)
2019-02-09,170.0,남자,우리카드,OK저축은행,14:00,서울장충,KBSN Sports,V리그 5Round,하이라이트 경기요약 상세결과,1,015,02. 09 (토)
2019-02-10,172.0,남자,대한항공,한국전력,14:00,인천계양,KBSN Sports,V리그 5Round,하이라이트 경기요약 상세결과,1,015,02. 10 (일)
2019-02-11,174.0,남자,현대캐피탈,KB손해보험,19:00,천안유관순,SBS Sports,V리그 5Round,하이라이트 경기요약 상세결과,0,015,02. 11 (월)
2019-02-12,175.0,남자,삼성화재,우리카드,19:00,대전충무,SBS Sports,V리그 5Round,하이라이트 경기요약 상세결과,0,015,02. 12 (화)
2019-02-14,179.0,남자,OK저축은행,현대캐피탈,19:00,안산상록수,SBS Sports,V리그 5Round,하이라이트 경기요약 상세결과,0,015,02. 14 (목)
2019-02-15,180.0,남자,대한항공,삼성화재,19:00,인천계양,SBS Sports,V리그 5Round,하이라이트 경기요약 상세결과,1,015,02. 15 (금)
2019-02-16,181.0,남자,한국전력,우리카드,14:00,수원,KBSN Sports,V리그 6Round,하이라이트 경기요약 상세결과,1,015,02. 16 (토)
2019-02-17,183.0,남자,KB손해보험,OK저축은행,14:00,의정부,KBSN Sports,V리그 6Round,하이라이트 경기요약 상세결과,1,015,02. 17 (일)
2019-02-18,185.0,남자,현대캐피탈,대한항공,19:00,천안유관순,KBSN Sports,V리그 6Round,하이라이트 경기요약 상세결과,0,015,02. 18 (월)
2019-02-19,186.0,남자,한국전력,삼성화재,19:00,수원,KBSN Sports,V리그 6Round,하이라이트 경기요약 상세결과,0,015,02. 19 (화)
2019-02-21,189.0,남자,우리카드,KB손해보험,19:00,서울장충,KBSN Sports,V리그 6Round,하이라이트 경기요약 상세결과,0,015,02. 21 (목)
2019-02-22,190.0,남자,삼성화재,대한항공,19:00,대전충무,KBSN Sports,V리그 6Round,하이라이트 경기요약 상세결과,0,015,02. 22 (금)
2019-02-23,191.0,남자,현대캐피탈,한국전력,14:00,천안유관순,KBSN Sports,V리그 6Round,하이라이트 경기요약 상세결과,1,015,02. 23 (토)
2019-02-24,193.0,남자,OK저축은행,우리카드,14:00,안산상록수,KBSN Sports,V리그 6Round,하이라이트 경기요약 상세결과,1,015,02. 24 (일)
2019-02-25,195.0,남자,대한항공,KB손해보험,19:00,인천계양,SBS Sports,V리그 6Round,하이라이트 경기요약 상세결과,1,015,02. 25 (월)
2019-02-26,196.0,남자,삼성화재,현대캐피탈,19:00,대전충무,KBSN Sports / SBS Sports,V리그 6Round,하이라이트 경기요약 상세결과,0,015,02. 26 (화)
2019-02-28,199.0,남자,KB손해보험,한국전력,19:00,의정부,SBS Sports,V리그 6Round,하이라이트 경기요약 상세결과,1,015,02. 28 (목)
2019-03-01,200.0,남자,현대캐피탈,OK저축은행,14:00,천안유관순,SBS Sports,V리그 6Round,하이라이트 경기요약 상세결과,1,015,03. 01 (금)
2019-03-02,202.0,남자,우리카드,삼성화재,14:00,서울장충,SBS Sports,V리그 6Round,하이라이트 경기요약 상세결과,0,015,03. 02 (토)
2019-03-03,204.0,남자,한국전력,대한항공,14:00,수원,SBS Sports,V리그 6Round,하이라이트 경기요약 상세결과,0,015,03. 03 (일)
2019-03-04,206.0,남자,KB손해보험,현대캐피탈,19:00,의정부,KBSN Sports,V리그 6Round,하이라이트 경기요약 상세결과,1,015,03. 04 (월)
2019-03-05,207.0,남자,OK저축은행,삼성화재,19:00,안산상록수,KBSN Sports,V리그 6Round,하이라이트 경기요약 상세결과,0,015,03. 05 (화)
2019-03-07,210.0,남자,대한항공,우리카드,19:00,인천계양,KBSN Sports,V리그 6Round,하이라이트 경기요약 상세결과,1,015,03. 07 (목)
2019-03-08,211.0,남자,OK저축은행,한국전력,19:00,안산상록수,KBSN Sports,V리그 6Round,하이라이트 경기요약 상세결과,1,015,03. 08 (금)
2019-03-09,212.0,남자,삼성화재,KB손해보험,14:00,대전충무,KBSN Sports,V리그 6Round,하이라이트 경기요약 상세결과,1,015,03. 09 (토)
2019-03-10,214.0,남자,우리카드,현대캐피탈,14:00,서울장충,KBSN Sports,V리그 6Round,하이라이트 경기요약 상세결과,1,015,03. 10 (일)
2019-03-11,216.0,남자,대한항공,OK저축은행,19:00,인천계양,KBSN Sports,V리그 6Round,하이라이트 경기요약 상세결과,0,015,03. 11 (월)
2019-03-16,218.0,남자,현대캐피탈,우리카드,14:00,천안유관순,KBSN Sports / SBS Sports,V리그 플레이오프,하이라이트 경기요약 상세결과,1,015,03. 16 (토)
2019-03-18,220.0,남자,우리카드,현대캐피탈,19:00,서울장충,KBSN Sports / SBS Sports,V리그 플레이오프,하이라이트 경기요약 상세결과,0,015,03. 18 (월)
2019-03-22,223.0,남자,대한항공,현대캐피탈,19:00,인천계양,KBSN Sports / SBS Sports,V리그 챔피언결정전,하이라이트 경기요약 상세결과,0,015,03. 22 (금)
2019-03-24,225.0,남자,대한항공,현대캐피탈,14:00,인천계양,KBSN Sports,V리그 챔피언결정전,하이라이트 경기요약 상세결과,0,015,03. 24 (일)
2019-03-26,227.0,남자,현대캐피탈,대한항공,19:00,천안유관순,KBSN Sports,V리그 챔피언결정전,하이라이트 경기요약 상세결과,1,015,03. 26 (화)
2019-10-12,1.0,남자,현대캐피탈,대한항공,14:00,천안유관순,KBSN Sports,V리그 1Round,하이라이트 경기요약 상세결과,0,016,10. 12 (토)
2019-10-13,2.0,남자,삼성화재,우리카드,14:00,대전충무,SBS Sports,V리그 1Round,하이라이트 경기요약 상세결과,0,016,10. 13 (일)
2019-10-15,3.0,남자,KB손해보험,한국전력,19:00,의정부,KBSN Sports,V리그 1Round,하이라이트 경기요약 상세결과,1,016,10. 15 (화)
2019-10-16,4.0,남자,삼성화재,OK저축은행,19:00,대전충무,KBSN Sports,V리그 1Round,하이라이트 경기요약 상세결과,0,016,10. 16 (수)
2019-10-17,5.0,남자,현대캐피탈,우리카드,19:00,천안유관순,SBS Sports,V리그 1Round,하이라이트 경기요약 상세결과,0,016,10. 17 (목)
2019-10-18,6.0,남자,대한항공,한국전력,19:00,인천계양,KBSN Sports,V리그 1Round,하이라이트 경기요약 상세결과,1,016,10. 18 (금)
2019-10-19,7.0,남자,KB손해보험,삼성화재,14:00,의정부,KBSN Sports,V리그 1Round,하이라이트 경기요약 상세결과,0,016,10. 19 (토)
2019-10-20,9.0,남자,OK저축은행,우리카드,14:00,안산상록수,KBSN Sports,V리그 1Round,하이라이트 경기요약 상세결과,1,016,10. 20 (일)
2019-10-22,11.0,남자,대한항공,삼성화재,19:00,인천계양,KBSN Sports,V리그 1Round,하이라이트 경기요약 상세결과,0,016,10. 22 (화)
2019-10-23,13.0,남자,한국전력,우리카드,19:00,수원,KBSN Sports,V리그 1Round,하이라이트 경기요약 상세결과,0,016,10. 23 (수)
2019-10-24,15.0,남자,KB손해보험,현대캐피탈,19:00,의정부,KBSN Sports,V리그 1Round,하이라이트 경기요약 상세결과,0,016,10. 24 (목)
2019-10-25,17.0,남자,OK저축은행,대한항공,19:00,안산상록수,KBSN Sports,V리그 1Round,하이라이트 경기요약 상세결과,1,016,10. 25 (금)
2019-10-26,18.0,남자,삼성화재,한국전력,14:00,대전충무,KBSN Sports,V리그 1Round,하이라이트 경기요약 상세결과,1,016,10. 26 (토)
2019-10-27,20.0,남자,우리카드,KB손해보험,14:00,서울장충,KBSN Sports,V리그 1Round,하이라이트 경기요약 상세결과,1,016,10. 27 (일)
2019-10-29,22.0,남자,현대캐피탈,한국전력,19:00,천안유관순,KBSN Sports,V리그 1Round,하이라이트 경기요약 상세결과,0,016,10. 29 (화)
2019-10-30,24.0,남자,KB손해보험,OK저축은행,19:00,의정부,SBS Sports,V리그 1Round,하이라이트 경기요약 상세결과,0,016,10. 30 (수)
2019-10-31,26.0,남자,우리카드,대한항공,19:00,서울장충,SBS Sports,V리그 1Round,하이라이트 경기요약 상세결과,0,016,10. 31 (목)
2019-11-01,28.0,남자,현대캐피탈,삼성화재,19:00,천안유관순,SBS Sports,V리그 1Round,하이라이트 경기요약 상세결과,1,016,11. 01 (금)
2019-11-02,29.0,남자,한국전력,OK저축은행,14:00,수원,SBS Sports,V리그 1Round,하이라이트 경기요약 상세결과,0,016,11. 02 (토)
2019-11-03,31.0,남자,대한항공,KB손해보험,14:00,인천계양,SBS Sports,V리그 1Round,하이라이트 경기요약 상세결과,1,016,11. 03 (일)
2019-11-05,33.0,남자,OK저축은행,현대캐피탈,19:00,안산상록수,KBSN Sports,V리그 1Round,하이라이트 경기요약 상세결과,0,016,11. 05 (화)
2019-11-06,35.0,남자,대한항공,우리카드,19:00,인천계양,SBS Sports,V리그 2Round,하이라이트 경기요약 상세결과,1,016,11. 06 (수)
2019-11-07,37.0,남자,삼성화재,KB손해보험,19:00,대전충무,KBSN Sports,V리그 2Round,하이라이트 경기요약 상세결과,1,016,11. 07 (목)
2019-11-08,39.0,남자,한국전력,현대캐피탈,19:00,수원,KBSN Sports,V리그 2Round,하이라이트 경기요약 상세결과,1,016,11. 08 (금)
2019-11-09,40.0,남자,우리카드,OK저축은행,14:00,서울장충,KBSN Sports,V리그 2Round,하이라이트 경기요약 상세결과,1,016,11. 09 (토)
2019-11-10,42.0,남자,삼성화재,대한항공,14:00,대전충무,SBS Sports,V리그 2Round,하이라이트 경기요약 상세결과,0,016,11. 10 (일)
2019-11-12,44.0,남자,현대캐피탈,KB손해보험,19:00,천안유관순,KBSN Sports,V리그 2Round,하이라이트 경기요약 상세결과,1,016,11. 12 (화)
2019-11-13,46.0,남자,OK저축은행,삼성화재,19:00,안산상록수,KBSN Sports,V리그 2Round,하이라이트 경기요약 상세결과,1,016,11. 13 (수)
2019-11-14,48.0,남자,한국전력,대한항공,19:00,수원,SBS Sports,V리그 2Round,하이라이트 경기요약 상세결과,0,016,11. 14 (목)
2019-11-15,50.0,남자,현대캐피탈,우리카드,19:00,천안유관순,SBS Sports,V리그 2Round,하이라이트 경기요약 상세결과,0,016,11. 15 (금)
2019-11-16,51.0,남자,OK저축은행,KB손해보험,14:00,안산상록수,KBSN Sports,V리그 2Round,하이라이트 경기요약 상세결과,1,016,11. 16 (토)
2019-11-17,53.0,남자,한국전력,삼성화재,14:00,수원,KBSN Sports,V리그 2Round,하이라이트 경기요약 상세결과,0,016,11. 17 (일)
2019-11-19,55.0,남자,KB손해보험,우리카드,19:00,의정부,KBSN Sports,V리그 2Round,하이라이트 경기요약 상세결과,0,016,11. 19 (화)
2019-11-20,57.0,남자,대한항공,OK저축은행,19:00,인천계양,KBSN Sports,V리그 2Round,하이라이트 경기요약 상세결과,1,016,11. 20 (수)
2019-11-21,59.0,남자,삼성화재,현대캐피탈,19:00,대전충무,KBSN Sports,V리그 2Round,하이라이트 경기요약 상세결과,1,016,11. 21 (목)
2019-11-22,61.0,남자,우리카드,한국전력,19:00,서울장충,KBSN Sports,V리그 2Round,하이라이트 경기요약 상세결과,1,016,11. 22 (금)
2019-11-23,62.0,남자,KB손해보험,대한항공,14:00,의정부,SBS Sports,V리그 2Round,하이라이트 경기요약 상세결과,0,016,11. 23 (토)
2019-11-24,64.0,남자,현대캐피탈,OK저축은행,14:00,천안유관순,KBSN Sports,V리그 2Round,하이라이트 경기요약 상세결과,1,016,11. 24 (일)
2019-11-26,66.0,남자,한국전력,KB손해보험,19:00,수원,SBS Sports,V리그 2Round,하이라이트 경기요약 상세결과,1,016,11. 26 (화)
2019-11-27,68.0,남자,우리카드,삼성화재,19:00,서울장충,SBS Sports,V리그 2Round,하이라이트 경기요약 상세결과,1,016,11. 27 (수)
2019-11-28,70.0,남자,대한항공,현대캐피탈,19:00,인천계양,SBS Sports,V리그 2Round,하이라이트 경기요약 상세결과,0,016,11. 28 (목)
2019-11-29,72.0,남자,OK저축은행,한국전력,19:00,안산상록수,SBS Sports,V리그 2Round,하이라이트 경기요약 상세결과,0,016,11. 29 (금)
2019-11-30,73.0,남자,KB손해보험,삼성화재,14:00,의정부,SBS Sports,V리그 3Round,하이라이트 경기요약 상세결과,0,016,11. 30 (토)
2019-12-01,75.0,남자,현대캐피탈,대한항공,14:00,천안유관순,SBS Sports,V리그 3Round,하이라이트 경기요약 상세결과,0,016,12. 01 (일)
2019-12-03,77.0,남자,KB손해보험,OK저축은행,19:00,의정부,SBS Sports,V리그 3Round,하이라이트 경기요약 상세결과,1,016,12. 03 (화)
2019-12-04,79.0,남자,삼성화재,우리카드,19:00,대전충무,KBSN Sports,V리그 3Round,하이라이트 경기요약 상세결과,0,016,12. 04 (수)
2019-12-05,81.0,남자,한국전력,현대캐피탈,19:00,수원,SBS Sports,V리그 3Round,하이라이트 경기요약 상세결과,0,016,12. 05 (목)
2019-12-06,83.0,남자,OK저축은행,대한항공,19:00,안산상록수,KBSN Sports,V리그 3Round,하이라이트 경기요약 상세결과,0,016,12. 06 (금)
2019-12-07,84.0,남자,우리카드,KB손해보험,14:00,서울장충,SBS Sports,V리그 3Round,하이라이트 경기요약 상세결과,0,016,12. 07 (토)
2019-12-08,86.0,남자,삼성화재,한국전력,14:00,대전충무,SBS Sports,V리그 3Round,하이라이트 경기요약 상세결과,1,016,12. 08 (일)
2019-12-10,88.0,남자,OK저축은행,우리카드,19:00,안산상록수,KBSN Sports,V리그 3Round,하이라이트 경기요약 상세결과,1,016,12. 10 (화)
2019-12-11,90.0,남자,현대캐피탈,삼성화재,19:00,천안유관순,KBSN Sports,V리그 3Round,하이라이트 경기요약 상세결과,1,016,12. 11 (수)
2019-12-12,92.0,남자,대한항공,KB손해보험,19:00,인천계양,KBSN Sports,V리그 3Round,하이라이트 경기요약 상세결과,0,016,12. 12 (목)
2019-12-13,94.0,남자,한국전력,OK저축은행,19:00,수원,SBS Sports,V리그 3Round,하이라이트 경기요약 상세결과,0,016,12. 13 (금)
2019-12-14,95.0,남자,우리카드,현대캐피탈,14:00,서울장충,KBSN Sports,V리그 3Round,하이라이트 경기요약 상세결과,0,016,12. 14 (토)
2019-12-15,97.0,남자,대한항공,삼성화재,14:00,인천계양,SBS Sports,V리그 3Round,하이라이트 경기요약 상세결과,1,016,12. 15 (일)
2019-12-18,100.0,남자,KB손해보험,한국전력,19:00,의정부,SBS Sports,V리그 3Round,하이라이트 경기요약 상세결과,0,016,12. 18 (수)
2019-12-19,102.0,남자,우리카드,대한항공,19:00,서울장충,KBSN Sports,V리그 3Round,하이라이트 경기요약 상세결과,1,016,12. 19 (목)
2019-12-20,104.0,남자,삼성화재,OK저축은행,19:00,대전충무,KBSN Sports,V리그 3Round,하이라이트 경기요약 상세결과,1,016,12. 20 (금)
2019-12-21,105.0,남자,현대캐피탈,KB손해보험,14:00,천안유관순,SBS Sports,V리그 3Round,하이라이트 경기요약 상세결과,1,016,12. 21 (토)
2019-12-22,106.0,남자,대한항공,한국전력,14:00,인천계양,SBS Sports,V리그 3Round,하이라이트 경기요약 상세결과,1,016,12. 22 (일)
2019-12-24,107.0,남자,OK저축은행,현대캐피탈,19:00,안산상록수,SBS Sports,V리그 3Round,하이라이트 경기요약 상세결과,0,016,12. 24 (화)
2019-12-25,108.0,남자,한국전력,우리카드,14:00,수원,SBS Sports,V리그 3Round,하이라이트 경기요약 상세결과,0,016,12. 25 (수)
2019-12-28,109.0,남자,OK저축은행,삼성화재,14:00,안산상록수,SBS Sports,V리그 4Round,하이라이트 경기요약 상세결과,1,016,12. 28 (토)
2019-12-29,110.0,남자,KB손해보험,대한항공,14:00,의정부,KBSN Sports,V리그 4Round,하이라이트 경기요약 상세결과,1,016,12. 29 (일)
2019-12-31,111.0,남자,우리카드,한국전력,19:00,서울장충,KBSN Sports,V리그 4Round,하이라이트 경기요약 상세결과,1,016,12. 31 (화)
2020-01-01,112.0,남자,삼성화재,KB손해보험,14:00,대전충무,SBS Sports,V리그 4Round,하이라이트 경기요약 상세결과,1,016,01. 01 (수)
2020-01-03,113.0,남자,현대캐피탈,OK저축은행,19:00,천안유관순,SBS Sports,V리그 4Round,하이라이트 경기요약 상세결과,0,016,01. 03 (금)
2020-01-04,114.0,남자,대한항공,우리카드,14:00,인천계양,KBSN Sports,V리그 4Round,하이라이트 경기요약 상세결과,0,016,01. 04 (토)
2020-01-14,115.0,남자,한국전력,대한항공,19:00,수원,KBSN Sports,V리그 4Round,하이라이트 경기요약 상세결과,0,016,01. 14 (화)
2020-01-15,117.0,남자,현대캐피탈,우리카드,19:01,천안유관순,KBSN Sports,V리그 4Round,하이라이트 경기요약 상세결과,0,016,01. 15 (수)
2020-01-16,119.0,남자,OK저축은행,KB손해보험,19:00,안산상록수,KBSN Sports,V리그 4Round,하이라이트 경기요약 상세결과,0,016,01. 16 (목)
2020-01-17,121.0,남자,한국전력,삼성화재,19:00,수원,SBS Sports,V리그 4Round,하이라이트 경기요약 상세결과,1,016,01. 17 (금)
2020-01-18,122.0,남자,대한항공,현대캐피탈,14:00,인천계양,KBSN Sports,V리그 4Round,하이라이트 경기요약 상세결과,0,016,01. 18 (토)
2020-01-19,124.0,남자,우리카드,OK저축은행,14:00,서울장충,SBS Sports,V리그 4Round,하이라이트 경기요약 상세결과,1,016,01. 19 (일)
2020-01-21,126.0,남자,현대캐피탈,한국전력,19:00,천안유관순,SBS Sports,V리그 4Round,하이라이트 경기요약 상세결과,1,016,01. 21 (화)
2020-01-22,128.0,남자,KB손해보험,우리카드,19:00,의정부,KBSN Sports,V리그 4Round,하이라이트 경기요약 상세결과,0,016,01. 22 (수)
2020-01-23,130.0,남자,삼성화재,대한항공,19:00,대전충무,KBSN Sports,V리그 4Round,하이라이트 경기요약 상세결과,0,016,01. 23 (목)
2020-01-24,132.0,남자,OK저축은행,한국전력,14:00,안산상록수,KBSN Sports,V리그 4Round,하이라이트 경기요약 상세결과,1,016,01. 24 (금)
2020-01-25,133.0,남자,KB손해보험,현대캐피탈,14:00,의정부,SBS Sports,V리그 4Round,하이라이트 경기요약 상세결과,0,016,01. 25 (토)
2020-01-26,135.0,남자,우리카드,삼성화재,14:00,서울장충,KBSN Sports,V리그 4Round,하이라이트 경기요약 상세결과,1,016,01. 26 (일)
2020-01-27,137.0,남자,대한항공,OK저축은행,14:00,인천계양,SBS Sports,V리그 4Round,하이라이트 경기요약 상세결과,1,016,01. 27 (월)
2020-01-28,139.0,남자,한국전력,KB손해보험,19:00,수원,KBSN Sports,V리그 4Round,하이라이트 경기요약 상세결과,0,016,01. 28 (화)
2020-01-29,140.0,남자,삼성화재,현대캐피탈,19:00,대전충무,SBS Sports,V리그 4Round,하이라이트 경기요약 상세결과,0,016,01. 29 (수)
2020-01-30,142.0,남자,OK저축은행,대한항공,19:00,안산상록수,SBS Sports,V리그 5Round,하이라이트 경기요약 상세결과,0,016,01. 30 (목)
2020-01-31,144.0,남자,KB손해보험,한국전력,19:00,의정부,KBSN Sports,V리그 5Round,하이라이트 경기요약 상세결과,1,016,01. 31 (금)
2020-02-01,145.0,남자,삼성화재,우리카드,16:00,대전충무,KBSN Sports,V리그 5Round,하이라이트 경기요약 상세결과,0,016,02. 01 (토)
2020-02-02,147.0,남자,현대캐피탈,대한항공,14:00,천안유관순,KBSN Sports,V리그 5Round,하이라이트 경기요약 상세결과,0,016,02. 02 (일)
2020-02-04,149.0,남자,KB손해보험,OK저축은행,19:00,의정부,KBSN Sports,V리그 5Round,하이라이트 경기요약 상세결과,1,016,02. 04 (화)
2020-02-05,151.0,남자,우리카드,현대캐피탈,19:00,서울장충,KBSN Sports,V리그 5Round,하이라이트 경기요약 상세결과,1,016,02. 05 (수)
2020-02-06,153.0,남자,대한항공,삼성화재,19:00,인천계양,SBS Sports,V리그 5Round,하이라이트 경기요약 상세결과,1,016,02. 06 (목)
2020-02-07,155.0,남자,한국전력,OK저축은행,19:00,수원,KBSN Sports,V리그 5Round,하이라이트 경기요약 상세결과,0,016,02. 07 (금)
2020-02-08,156.0,남자,현대캐피탈,KB손해보험,14:00,천안유관순,SBS Sports,V리그 5Round,하이라이트 경기요약 상세결과,1,016,02. 08 (토)
2020-02-09,158.0,남자,우리카드,대한항공,14:00,서울장충,SBS Sports,V리그 5Round,하이라이트 경기요약 상세결과,0,016,02. 09 (일)
2020-02-11,160.0,남자,KB손해보험,삼성화재,19:00,의정부,KBSN Sports,V리그 5Round,하이라이트 경기요약 상세결과,1,016,02. 11 (화)
2020-02-12,162.0,남자,한국전력,우리카드,19:00,수원,SBS Sports,V리그 5Round,하이라이트 경기요약 상세결과,0,016,02. 12 (수)
2020-02-13,164.0,남자,OK저축은행,현대캐피탈,19:00,안산상록수,KBSN Sports,V리그 5Round,하이라이트 경기요약 상세결과,0,016,02. 13 (목)
2020-02-14,166.0,남자,대한항공,KB손해보험,19:00,인천계양,KBSN Sports,V리그 5Round,하이라이트 경기요약 상세결과,1,016,02. 14 (금)
2020-02-15,167.0,남자,삼성화재,한국전력,14:00,대전충무,SBS Sports,V리그 5Round,하이라이트 경기요약 상세결과,1,016,02. 15 (토)
2020-02-16,169.0,남자,OK저축은행,우리카드,14:00,안산상록수,SBS Sports,V리그 5Round,하이라이트 경기요약 상세결과,0,016,02. 16 (일)
2020-02-18,171.0,남자,현대캐피탈,삼성화재,19:00,천안유관순,SBS Sports,V리그 5Round,하이라이트 경기요약 상세결과,0,016,02. 18 (화)
2020-02-19,173.0,남자,대한항공,한국전력,19:00,인천계양,SBS Sports,V리그 5Round,하이라이트 경기요약 상세결과,1,016,02. 19 (수)
2020-02-20,175.0,남자,우리카드,KB손해보험,19:00,서울장충,SBS Sports,V리그 5Round,하이라이트 경기요약 상세결과,1,016,02. 20 (목)
2020-02-21,177.0,남자,삼성화재,OK저축은행,19:00,대전충무,SBS Sports,V리그 5Round,하이라이트 경기요약 상세결과,0,016,02. 21 (금)
2020-02-22,178.0,남자,한국전력,현대캐피탈,14:00,수원,KBSN Sports,V리그 5Round,하이라이트 경기요약 상세결과,0,016,02. 22 (토)
2020-02-23,180.0,남자,KB손해보험,우리카드,14:00,의정부,SBS Sports,V리그 6Round,하이라이트 경기요약 상세결과,0,016,02. 23 (일)
2020-02-25,182.0,남자,한국전력,삼성화재,19:00,수원,KBSN Sports,V리그 6Round,하이라이트 경기요약 상세결과,0,016,02. 25 (화)
2020-02-26,184.0,남자,OK저축은행,KB손해보험,19:00,안산상록수,SBS Sports,V리그 6Round,하이라이트 경기요약 상세결과,1,016,02. 26 (수)
2020-02-27,186.0,남자,우리카드,현대캐피탈,19:10,서울장충,SBS Sports,V리그 6Round,하이라이트 경기요약 상세결과,1,016,02. 27 (목)
2020-02-28,188.0,남자,삼성화재,대한항공,19:00,대전충무,KBSN Sports,V리그 6Round,하이라이트 경기요약 상세결과,0,016,02. 28 (금)
2020-02-29,189.0,남자,OK저축은행,한국전력,14:00,안산상록수,SBS Sports,V리그 6Round,하이라이트 경기요약 상세결과,1,016,02. 29 (토)
2020-03-01,191.0,남자,KB손해보험,현대캐피탈,14:00,의정부,KBSN Sports,V리그 6Round,하이라이트 경기요약 상세결과,0,016,03. 01 (일)
2020-10-17,1.0,남자,우리카드,대한항공,14:00,서울장충,SBS Sports,V리그 1Round,하이라이트 상세결과,0,017,10. 17 (토)
2020-10-18,3.0,남자,한국전력,삼성화재,19:00,수원,KBSN Sports,V리그 1Round,하이라이트 경기요약 상세결과,0,017,10. 18 (일)
2020-10-20,5.0,남자,현대캐피탈,우리카드,15:30,천안유관순,KBSN Sports,V리그 1Round,하이라이트 상세결과,1,017,10. 20 (화)
2020-10-21,6.0,남자,대한항공,삼성화재,15:30,인천계양,KBSN Sports,V리그 1Round,하이라이트 경기요약 상세결과,1,017,10. 21 (수)
2020-10-22,8.0,남자,OK금융그룹,한국전력,15:30,안산상록수,KBSN Sports,V리그 1Round,하이라이트 경기요약 상세결과,1,017,10. 22 (목)
2020-10-23,9.0,남자,우리카드,KB손해보험,15:30,서울장충,SBS Sports,V리그 1Round,하이라이트 경기요약 상세결과,0,017,10. 23 (금)
2020-10-24,11.0,남자,삼성화재,현대캐피탈,14:00,대전충무,KBSN Sports / SBS Sports,V리그 1Round,하이라이트 경기요약 상세결과,0,017,10. 24 (토)
2020-10-25,13.0,남자,대한항공,OK금융그룹,19:00,인천계양,SBS Sports,V리그 1Round,하이라이트 경기요약 상세결과,0,017,10. 25 (일)
2020-10-27,15.0,남자,KB손해보험,한국전력,15:30,의정부,KBSN Sports,V리그 1Round,하이라이트 경기요약 상세결과,1,017,10. 27 (화)
2020-10-28,16.0,남자,OK금융그룹,현대캐피탈,15:30,안산상록수,SBS Sports,V리그 1Round,하이라이트 경기요약 상세결과,1,017,10. 28 (수)
2020-10-29,18.0,남자,우리카드,삼성화재,15:30,서울장충,SBS Sports,V리그 1Round,하이라이트 경기요약 상세결과,1,017,10. 29 (목)
2020-10-30,19.0,남자,KB손해보험,대한항공,15:30,의정부,KBSN Sports,V리그 1Round,하이라이트 경기요약 상세결과,1,017,10. 30 (금)
2020-10-31,21.0,남자,한국전력,현대캐피탈,14:00,수원,KBSN Sports,V리그 1Round,하이라이트 경기요약 상세결과,0,017,10. 31 (토)
2020-11-01,23.0,남자,OK금융그룹,우리카드,14:00,안산상록수,SBS Sports,V리그 1Round,하이라이트 경기요약 상세결과,1,017,11. 01 (일)
2020-11-03,25.0,남자,삼성화재,KB손해보험,19:00,대전충무,KBSN Sports,V리그 1Round,하이라이트 경기요약 상세결과,0,017,11. 03 (화)
2020-11-04,27.0,남자,현대캐피탈,대한항공,19:00,천안유관순,KBSN Sports,V리그 1Round,하이라이트 경기요약 상세결과,0,017,11. 04 (수)
2020-11-05,28.0,남자,한국전력,우리카드,19:00,수원,SBS Sports,V리그 1Round,하이라이트 경기요약 상세결과,0,017,11. 05 (목)
2020-11-06,29.0,남자,삼성화재,OK금융그룹,19:00,대전충무,KBSN Sports,V리그 1Round,하이라이트 경기요약 상세결과,0,017,11. 06 (금)
2020-11-07,31.0,남자,KB손해보험,현대캐피탈,14:01,의정부,SBS Sports,V리그 1Round,하이라이트 경기요약 상세결과,1,017,11. 07 (토)
2020-11-08,33.0,남자,대한항공,한국전력,14:00,인천계양,KBSN Sports,V리그 1Round,하이라이트 경기요약 상세결과,1,017,11. 08 (일)
2020-11-10,35.0,남자,OK금융그룹,KB손해보험,19:00,안산상록수,SBS Sports,V리그 1Round,하이라이트 경기요약 상세결과,1,017,11. 10 (화)
2020-11-11,37.0,남자,대한항공,현대캐피탈,19:00,인천계양,SBS Sports,V리그 2Round,하이라이트 경기요약 상세결과,1,017,11. 11 (수)
2020-11-12,39.0,남자,우리카드,한국전력,19:00,서울장충,KBSN Sports,V리그 2Round,하이라이트 경기요약 상세결과,1,017,11. 12 (목)
2020-11-13,40.0,남자,KB손해보험,OK금융그룹,19:00,의정부,SBS Sports,V리그 2Round,하이라이트 경기요약 상세결과,1,017,11. 13 (금)
2020-11-14,42.0,남자,현대캐피탈,삼성화재,14:00,천안유관순,KBSN Sports,V리그 2Round,하이라이트 경기요약 상세결과,0,017,11. 14 (토)
2020-11-15,44.0,남자,한국전력,대한항공,14:00,수원,SBS Sports,V리그 2Round,하이라이트 경기요약 상세결과,1,017,11. 15 (일)
2020-11-17,46.0,남자,현대캐피탈,OK금융그룹,19:00,천안유관순,KBSN Sports,V리그 2Round,하이라이트 경기요약 상세결과,0,017,11. 17 (화)
2020-11-18,48.0,남자,한국전력,KB손해보험,19:00,수원,KBSN Sports,V리그 2Round,하이라이트 경기요약 상세결과,1,017,11. 18 (수)
2020-11-19,49.0,남자,삼성화재,대한항공,19:00,대전충무,SBS Sports,V리그 2Round,하이라이트 경기요약 상세결과,0,017,11. 19 (목)
2020-11-20,50.0,남자,우리카드,OK금융그룹,19:00,서울장충,KBSN Sports,V리그 2Round,하이라이트 경기요약 상세결과,0,017,11. 20 (금)
2020-11-21,52.0,남자,현대캐피탈,KB손해보험,14:00,천안유관순,KBSN Sports,V리그 2Round,하이라이트 경기요약 상세결과,0,017,11. 21 (토)
2020-11-22,54.0,남자,삼성화재,한국전력,14:00,대전충무,SBS Sports,V리그 2Round,하이라이트 경기요약 상세결과,0,017,11. 22 (일)
2020-11-24,56.0,남자,대한항공,우리카드,19:00,인천계양,SBS Sports,V리그 2Round,하이라이트 경기요약 상세결과,1,017,11. 24 (화)
2020-11-25,58.0,남자,KB손해보험,삼성화재,19:00,의정부,SBS Sports,V리그 2Round,하이라이트 경기요약 상세결과,1,017,11. 25 (수)
2020-11-26,59.0,남자,한국전력,OK금융그룹,19:00,수원,SBS Sports,V리그 2Round,하이라이트 경기요약 상세결과,1,017,11. 26 (목)
2020-11-27,60.0,남자,우리카드,현대캐피탈,19:00,서울장충,SBS Sports,V리그 2Round,하이라이트 경기요약 상세결과,0,017,11. 27 (금)
2020-11-28,62.0,남자,대한항공,KB손해보험,14:40,인천계양,KBS1,V리그 2Round,하이라이트 경기요약 상세결과,0,017,11. 28 (토)
2020-11-29,64.0,남자,OK금융그룹,삼성화재,14:00,안산상록수,SBS Sports,V리그 2Round,하이라이트 경기요약 상세결과,1,017,11. 29 (일)
2020-12-01,66.0,남자,KB손해보험,우리카드,19:00,의정부,KBSN Sports,V리그 2Round,하이라이트 경기요약 상세결과,0,017,12. 01 (화)
2020-12-02,68.0,남자,현대캐피탈,한국전력,19:00,천안유관순,KBSN Sports,V리그 2Round,하이라이트 경기요약 상세결과,0,017,12. 02 (수)
2020-12-03,70.0,남자,OK금융그룹,대한항공,19:00,안산상록수,KBSN Sports,V리그 2Round,하이라이트 경기요약 상세결과,0,017,12. 03 (목)
2020-12-04,71.0,남자,삼성화재,우리카드,19:00,대전충무,KBSN Sports,V리그 2Round,하이라이트 경기요약 상세결과,0,017,12. 04 (금)
2020-12-05,73.0,남자,KB손해보험,현대캐피탈,14:00,의정부,KBSN Sports,V리그 3Round,하이라이트 경기요약 상세결과,1,017,12. 05 (토)
2020-12-06,75.0,남자,대한항공,한국전력,14:00,인천계양,KBSN Sports,V리그 3Round,하이라이트 경기요약 상세결과,1,017,12. 06 (일)
2020-12-08,77.0,남자,우리카드,KB손해보험,19:00,서울장충,SBS Sports,V리그 3Round,하이라이트 경기요약 상세결과,1,017,12. 08 (화)
2020-12-09,79.0,남자,대한항공,삼성화재,19:00,인천계양,KBSN Sports,V리그 3Round,하이라이트 경기요약 상세결과,1,017,12. 09 (수)
2020-12-10,80.0,남자,현대캐피탈,OK금융그룹,19:00,천안유관순,KBSN Sports,V리그 3Round,하이라이트 경기요약 상세결과,0,017,12. 10 (목)
2020-12-11,81.0,남자,한국전력,우리카드,19:00,수원,SBS Sports,V리그 3Round,하이라이트 경기요약 상세결과,1,017,12. 11 (금)
2020-12-12,83.0,남자,KB손해보험,대한항공,14:00,의정부,KBSN Sports,V리그 3Round,하이라이트 상세결과,0,017,12. 12 (토)
2020-12-13,85.0,남자,삼성화재,OK금융그룹,14:00,대전충무,KBSN Sports,V리그 3Round,하이라이트 경기요약 상세결과,0,017,12. 13 (일)
2020-12-15,87.0,남자,한국전력,현대캐피탈,19:00,수원,SBS Sports,V리그 3Round,하이라이트 경기요약 상세결과,1,017,12. 15 (화)
2020-12-16,88.0,남자,OK금융그룹,우리카드,19:00,안산상록수,KBSN Sports,V리그 3Round,하이라이트 경기요약 상세결과,0,017,12. 16 (수)
2020-12-17,90.0,남자,삼성화재,KB손해보험,19:00,대전충무,SBS Sports,V리그 3Round,하이라이트 경기요약 상세결과,1,017,12. 17 (목)
2020-12-18,91.0,남자,현대캐피탈,대한항공,19:00,천안유관순,KBSN Sports,V리그 3Round,하이라이트 경기요약 상세결과,0,017,12. 18 (금)
2020-12-19,93.0,남자,OK금융그룹,한국전력,14:00,안산상록수,KBSN Sports,V리그 3Round,하이라이트 경기요약 상세결과,1,017,12. 19 (토)
2020-12-20,95.0,남자,우리카드,삼성화재,14:00,서울장충,SBS Sports,V리그 3Round,하이라이트 경기요약 상세결과,1,017,12. 20 (일)
2020-12-22,97.0,남자,KB손해보험,한국전력,19:00,의정부,SBS Sports,V리그 3Round,하이라이트 경기요약 상세결과,1,017,12. 22 (화)
2020-12-23,98.0,남자,대한항공,OK금융그룹,19:00,인천계양,KBSN Sports,V리그 3Round,하이라이트 경기요약 상세결과,1,017,12. 23 (수)
2020-12-24,100.0,남자,현대캐피탈,우리카드,19:00,천안유관순,KBSN Sports,V리그 3Round,하이라이트 경기요약 상세결과,0,017,12. 24 (목)
2020-12-25,101.0,남자,한국전력,삼성화재,14:00,수원,SBS Sports,V리그 3Round,하이라이트 경기요약 상세결과,1,017,12. 25 (금)
2020-12-26,103.0,남자,OK금융그룹,KB손해보험,14:00,안산상록수,SBS Sports,V리그 3Round,하이라이트 경기요약 상세결과,0,017,12. 26 (토)
2020-12-27,105.0,남자,대한항공,우리카드,14:00,인천계양,KBSN Sports,V리그 3Round,하이라이트 경기요약 상세결과,0,017,12. 27 (일)
2020-12-29,107.0,남자,삼성화재,현대캐피탈,19:00,대전충무,KBSN Sports,V리그 3Round,하이라이트 경기요약 상세결과,0,017,12. 29 (화)
2020-12-30,109.0,남자,KB손해보험,우리카드,19:00,의정부,KBSN Sports,V리그 4Round,하이라이트 경기요약 상세결과,1,017,12. 30 (수)
2020-12-31,111.0,남자,한국전력,대한항공,19:00,수원,KBSN Sports,V리그 4Round,하이라이트 경기요약 상세결과,1,017,12. 31 (목)
2021-01-01,112.0,남자,OK금융그룹,삼성화재,14:00,안산상록수,SBS Sports,V리그 4Round,하이라이트 경기요약 상세결과,1,017,01. 01 (금)
2021-01-05,114.0,남자,KB손해보험,삼성화재,19:00,의정부,KBSN Sports,V리그 4Round,하이라이트 경기요약 상세결과,0,017,01. 05 (화)
2021-01-06,116.0,남자,대한항공,현대캐피탈,19:00,인천계양,SBS Sports,V리그 4Round,하이라이트 경기요약 상세결과,0,017,01. 06 (수)
2021-01-07,117.0,남자,우리카드,OK금융그룹,19:00,서울장충,SBS Sports,V리그 4Round,하이라이트 경기요약 상세결과,1,017,01. 07 (목)
2021-01-08,118.0,남자,한국전력,KB손해보험,19:00,수원,SBS Sports,V리그 4Round,하이라이트 경기요약 상세결과,1,017,01. 08 (금)
2021-01-09,120.0,남자,삼성화재,대한항공,14:00,대전충무,SBS Sports,V리그 4Round,하이라이트 경기요약 상세결과,0,017,01. 09 (토)
2021-01-10,122.0,남자,OK금융그룹,현대캐피탈,14:00,안산상록수,SBS Sports,V리그 4Round,하이라이트 경기요약 상세결과,1,017,01. 10 (일)
2021-01-12,124.0,남자,대한항공,우리카드,19:00,인천계양,SBS Sports,V리그 4Round,하이라이트 경기요약 상세결과,0,017,01. 12 (화)
2021-01-13,126.0,남자,현대캐피탈,삼성화재,19:00,천안유관순,SBS Sports,V리그 4Round,하이라이트 경기요약 상세결과,1,017,01. 13 (수)
2021-01-14,128.0,남자,한국전력,OK금융그룹,19:00,수원,KBSN Sports,V리그 4Round,하이라이트 경기요약 상세결과,0,017,01. 14 (목)
2021-01-15,129.0,남자,대한항공,KB손해보험,19:00,인천계양,KBSN Sports,V리그 4Round,하이라이트 경기요약 상세결과,1,017,01. 15 (금)
2021-01-16,131.0,남자,삼성화재,우리카드,14:00,대전충무,KBSN Sports,V리그 4Round,하이라이트 경기요약 상세결과,0,017,01. 16 (토)
2021-01-17,133.0,남자,현대캐피탈,한국전력,14:00,천안유관순,KBSN Sports,V리그 4Round,하이라이트 경기요약 상세결과,1,017,01. 17 (일)
2021-01-19,135.0,남자,KB손해보험,OK금융그룹,19:00,의정부,KBSN Sports,V리그 4Round,하이라이트 경기요약 상세결과,0,017,01. 19 (화)
2021-01-20,136.0,남자,우리카드,현대캐피탈,19:00,서울장충,SBS Sports,V리그 4Round,하이라이트 경기요약 상세결과,0,017,01. 20 (수)
2021-01-21,138.0,남자,삼성화재,한국전력,19:00,대전충무,SBS Sports,V리그 4Round,하이라이트 경기요약 상세결과,0,017,01. 21 (목)
2021-01-22,139.0,남자,OK금융그룹,대한항공,19:00,안산상록수,KBSN Sports,V리그 4Round,하이라이트 경기요약 상세결과,0,017,01. 22 (금)
2021-01-23,141.0,남자,현대캐피탈,KB손해보험,14:00,천안유관순,SBS Sports,V리그 4Round,하이라이트 경기요약 상세결과,0,017,01. 23 (토)
2021-01-24,143.0,남자,우리카드,한국전력,14:00,서울장충,SBS Sports,V리그 4Round,하이라이트 경기요약 상세결과,0,017,01. 24 (일)
2021-01-27,145.0,남자,KB손해보험,현대캐피탈,19:00,의정부,KBSN Sports,V리그 5Round,하이라이트 상세결과,1,017,01. 27 (수)
2021-01-28,147.0,남자,한국전력,우리카드,19:00,수원,KBSN Sports,V리그 5Round,하이라이트 경기요약 상세결과,0,017,01. 28 (목)
2021-01-29,148.0,남자,대한항공,삼성화재,19:00,인천계양,KBSN Sports,V리그 5Round,하이라이트 경기요약 상세결과,1,017,01. 29 (금)
2021-01-30,150.0,남자,OK금융그룹,KB손해보험,14:00,안산상록수,KBSN Sports,V리그 5Round,하이라이트 경기요약 상세결과,0,017,01. 30 (토)
2021-01-31,152.0,남자,현대캐피탈,우리카드,14:00,천안유관순,SBS Sports,V리그 5Round,하이라이트 경기요약 상세결과,1,017,01. 31 (일)
2021-02-02,154.0,남자,삼성화재,OK금융그룹,19:00,대전충무,KBSN Sports,V리그 5Round,하이라이트 경기요약 상세결과,0,017,02. 02 (화)
2021-02-03,155.0,남자,KB손해보험,대한항공,19:00,의정부,SBS Sports,V리그 5Round,하이라이트 경기요약 상세결과,0,017,02. 03 (수)
2021-02-04,157.0,남자,한국전력,현대캐피탈,19:00,수원,SBS Sports,V리그 5Round,하이라이트 경기요약 상세결과,0,017,02. 04 (목)
2021-02-05,158.0,남자,우리카드,삼성화재,19:00,서울장충,SBS Sports,V리그 5Round,하이라이트 경기요약 상세결과,1,017,02. 05 (금)
2021-02-06,160.0,남자,대한항공,OK금융그룹,14:00,인천계양,SBS Sports,V리그 5Round,하이라이트 경기요약 상세결과,1,017,02. 06 (토)
2021-02-07,162.0,남자,KB손해보험,한국전력,14:00,의정부,KBSN Sports / SBS Sports,V리그 5Round,하이라이트 경기요약 상세결과,0,017,02. 07 (일)
2021-02-09,164.0,남자,OK금융그룹,우리카드,19:00,안산상록수,SBS Sports,V리그 5Round,하이라이트 경기요약 상세결과,0,017,02. 09 (화)
2021-02-10,166.0,남자,삼성화재,KB손해보험,19:00,대전충무,SBS Sports,V리그 5Round,하이라이트 경기요약 상세결과,0,017,02. 10 (수)
2021-02-11,167.0,남자,대한항공,한국전력,14:00,인천계양,SBS Sports,V리그 5Round,하이라이트 경기요약 상세결과,0,017,02. 11 (목)
2021-02-12,169.0,남자,현대캐피탈,OK금융그룹,14:00,천안유관순,SBS Sports,V리그 5Round,하이라이트 경기요약 상세결과,1,017,02. 12 (금)
2021-02-14,171.0,남자,한국전력,삼성화재,14:00,수원,KBSN Sports,V리그 5Round,하이라이트 경기요약 상세결과,0,017,02. 14 (일)
2021-02-16,173.0,남자,현대캐피탈,대한항공,19:00,천안유관순,KBSN Sports,V리그 5Round,하이라이트 경기요약 상세결과,0,017,02. 16 (화)
2021-02-17,175.0,남자,우리카드,KB손해보험,19:00,서울장충,SBS Sports,V리그 5Round,하이라이트 경기요약 상세결과,1,017,02. 17 (수)
2021-02-18,177.0,남자,OK금융그룹,한국전력,19:00,안산상록수,SBS Sports,V리그 5Round,하이라이트 경기요약 상세결과,0,017,02. 18 (목)
2021-02-19,178.0,남자,삼성화재,현대캐피탈,19:00,대전충무,KBSN Sports,V리그 5Round,하이라이트 경기요약 상세결과,0,017,02. 19 (금)
2021-02-20,180.0,남자,우리카드,대한항공,14:00,서울장충,KBSN Sports,V리그 5Round,하이라이트 경기요약 상세결과,1,017,02. 20 (토)
2021-02-21,182.0,남자,KB손해보험,OK금융그룹,14:00,의정부,KBSN Sports,V리그 6Round,하이라이트 경기요약 상세결과,0,017,02. 21 (일)
2021-03-11,193.0,남자,삼성화재,우리카드,19:00,대전충무,SBS Sports,V리그 6Round,하이라이트 경기요약 상세결과,0,017,03. 11 (목)
2021-03-13,195.0,남자,현대캐피탈,한국전력,14:00,천안유관순,KBSN Sports,V리그 6Round,하이라이트 경기요약 상세결과,0,017,03. 13 (토)
2021-03-14,197.0,남자,대한항공,KB손해보험,14:00,인천계양,SBS Sports,V리그 6Round,하이라이트 경기요약 상세결과,1,017,03. 14 (일)
2021-03-15,199.0,남자,OK금융그룹,현대캐피탈,19:00,안산상록수,SBS Sports,V리그 6Round,하이라이트 경기요약 상세결과,0,017,03. 15 (월)
2021-03-17,201.0,남자,한국전력,대한항공,19:00,수원,SBS Sports,V리그 6Round,하이라이트 경기요약 상세결과,0,017,03. 17 (수)
2021-03-18,202.0,남자,KB손해보험,삼성화재,19:00,의정부,KBSN Sports,V리그 6Round,하이라이트 경기요약 상세결과,1,017,03. 18 (목)
2021-03-19,203.0,남자,우리카드,현대캐피탈,19:00,서울장충,KBSN Sports,V리그 6Round,하이라이트 경기요약 상세결과,1,017,03. 19 (금)
2021-03-20,204.0,남자,한국전력,OK금융그룹,16:00,수원,SBS Sports,V리그 6Round,하이라이트 경기요약 상세결과,1,017,03. 20 (토)
2021-03-21,205.0,남자,삼성화재,대한항공,14:00,대전충무,SBS Sports,V리그 6Round,하이라이트 상세결과,0,017,03. 21 (일)
2021-03-22,206.0,남자,현대캐피탈,KB손해보험,19:00,천안유관순,SBS Sports,V리그 6Round,하이라이트 경기요약 상세결과,0,017,03. 22 (월)
2021-03-23,207.0,남자,우리카드,OK금융그룹,19:00,서울장충,KBSN Sports,V리그 6Round,하이라이트 경기요약 상세결과,1,017,03. 23 (화)
2021-03-24,208.0,남자,삼성화재,한국전력,19:00,대전충무,KBSN Sports,V리그 6Round,하이라이트 경기요약 상세결과,1,017,03. 24 (수)
2021-03-25,209.0,남자,대한항공,현대캐피탈,19:00,인천계양,SBS Sports,V리그 6Round,하이라이트 경기요약 상세결과,1,017,03. 25 (목)
2021-03-26,210.0,남자,KB손해보험,우리카드,19:00,의정부,KBSN Sports,V리그 6Round,하이라이트 경기요약 상세결과,0,017,03. 26 (금)
2021-03-28,211.0,남자,OK금융그룹,삼성화재,14:00,안산상록수,SBS Sports,V리그 6Round,하이라이트 경기요약 상세결과,1,017,03. 28 (일)
2021-03-29,212.0,남자,우리카드,대한항공,19:00,서울장충,KBSN Sports,V리그 6Round,하이라이트 경기요약 상세결과,0,017,03. 29 (월)
2021-03-30,213.0,남자,한국전력,KB손해보험,19:00,수원,KBSN Sports,V리그 6Round,하이라이트 경기요약 상세결과,1,017,03. 30 (화)
2021-03-31,214.0,남자,현대캐피탈,삼성화재,19:00,천안유관순,SBS Sports,V리그 6Round,하이라이트 경기요약 상세결과,1,017,03. 31 (수)
2021-04-01,215.0,남자,OK금융그룹,대한항공,19:00,안산상록수,SBS Sports,V리그 6Round,하이라이트 경기요약 상세결과,0,017,04. 01 (목)
2021-04-02,216.0,남자,우리카드,한국전력,19:00,서울장충,KBSN Sports,V리그 6Round,하이라이트 경기요약 상세결과,1,017,04. 02 (금)
2021-04-04,217.0,남자,KB손해보험,OK금융그룹,19:00,의정부,KBSN Sports / SBS Sports,V리그 준플레이오프,하이라이트 경기요약 상세결과,0,017,04. 04 (일)
2021-04-06,219.0,남자,우리카드,OK금융그룹,15:30,서울장충,KBSN Sports / SBS Sports,V리그 플레이오프,하이라이트 경기요약 상세결과,1,017,04. 06 (화)
2021-04-07,221.0,남자,우리카드,OK금융그룹,15:30,서울장충,KBSN Sports / SBS Sports,V리그 플레이오프,하이라이트 상세결과,1,017,04. 07 (수)
2021-04-11,225.0,남자,대한항공,우리카드,19:00,인천계양,KBSN Sports / SBS Sports,V리그 챔피언결정전,하이라이트 경기요약 상세결과,0,017,04. 11 (일)
2021-04-12,227.0,남자,대한항공,우리카드,19:00,인천계양,KBSN Sports / SBS Sports,V리그 챔피언결정전,하이라이트 경기요약 상세결과,1,017,04. 12 (월)
2021-04-14,229.0,남자,우리카드,대한항공,15:30,서울장충,KBSN Sports / SBS Sports,V리그 챔피언결정전,하이라이트 상세결과,1,017,04. 14 (수)
2021-04-15,231.0,남자,우리카드,대한항공,15:30,서울장충,KBSN Sports / SBS Sports,V리그 챔피언결정전,하이라이트 경기요약 상세결과,0,017,04. 15 (목)
2021-04-17,233.0,남자,대한항공,우리카드,14:00,인천계양,KBSN Sports / SBS Sports,V리그 챔피언결정전,하이라이트 경기요약 상세결과,1,017,04. 17 (토)
2021-10-16,1.0,남자,대한항공,우리카드,14:00,인천계양,KBSN Sports,V리그 1Round,하이라이트 경기요약 상세결과,1,018,10. 16 (토)
2021-10-17,3.0,남자,현대캐피탈,OK금융그룹,17:00,천안유관순,KBSN Sports,V리그 1Round,하이라이트 경기요약 상세결과,1,018,10. 17 (일)
2021-10-19,5.0,남자,삼성화재,한국전력,19:00,대전충무,,V리그 1Round,하이라이트 경기요약 상세결과,0,018,10. 19 (화)
2021-10-20,7.0,남자,KB손해보험,현대캐피탈,19:00,의정부,,V리그 1Round,하이라이트 경기요약 상세결과,1,018,10. 20 (수)
2021-10-21,9.0,남자,OK금융그룹,우리카드,19:00,안산상록수,,V리그 1Round,하이라이트 경기요약 상세결과,1,018,10. 21 (목)
2021-10-22,11.0,남자,삼성화재,대한항공,19:00,대전충무,,V리그 1Round,하이라이트 경기요약 상세결과,1,018,10. 22 (금)
2021-10-23,13.0,남자,한국전력,KB손해보험,14:00,수원,SBS Sports,V리그 1Round,하이라이트 경기요약 상세결과,1,018,10. 23 (토)
2021-10-24,15.0,남자,우리카드,현대캐피탈,14:00,서울장충,,V리그 1Round,하이라이트 경기요약 상세결과,0,018,10. 24 (일)
2021-10-26,17.0,남자,OK금융그룹,KB손해보험,19:00,안산상록수,,V리그 1Round,하이라이트 경기요약 상세결과,1,018,10. 26 (화)
2021-10-27,19.0,남자,현대캐피탈,대한항공,19:00,천안유관순,,V리그 1Round,하이라이트 경기요약 상세결과,1,018,10. 27 (수)
2021-10-28,21.0,남자,우리카드,한국전력,19:00,서울장충,,V리그 1Round,하이라이트 경기요약 상세결과,1,018,10. 28 (목)
2021-10-29,23.0,남자,KB손해보험,삼성화재,19:00,의정부,,V리그 1Round,하이라이트 경기요약 상세결과,0,018,10. 29 (금)
2021-10-30,25.0,남자,대한항공,OK금융그룹,14:00,인천계양,KBSN Sports,V리그 1Round,하이라이트 경기요약 상세결과,1,018,10. 30 (토)
2021-10-31,27.0,남자,한국전력,현대캐피탈,14:00,수원,KBSN Sports,V리그 1Round,하이라이트 경기요약 상세결과,1,018,10. 31 (일)
2021-11-02,29.0,남자,삼성화재,우리카드,19:00,대전충무,SBS Sports,V리그 1Round,하이라이트 경기요약 상세결과,1,018,11. 02 (화)
2021-11-03,31.0,남자,KB손해보험,대한항공,19:00,의정부,SBS Sports,V리그 1Round,하이라이트 경기요약 상세결과,1,018,11. 03 (수)
2021-11-04,33.0,남자,한국전력,OK금융그룹,19:00,수원,SBS Sports,V리그 1Round,하이라이트 경기요약 상세결과,0,018,11. 04 (목)
2021-11-05,35.0,남자,현대캐피탈,삼성화재,19:00,천안유관순,SBS Sports,V리그 1Round,하이라이트 경기요약 상세결과,1,018,11. 05 (금)
2021-11-06,37.0,남자,KB손해보험,우리카드,14:00,의정부,SBS Sports,V리그 1Round,하이라이트 경기요약 상세결과,1,018,11. 06 (토)
2021-11-07,39.0,남자,대한항공,한국전력,14:00,인천계양,SBS Sports,V리그 1Round,하이라이트 경기요약 상세결과,0,018,11. 07 (일)
2021-11-09,41.0,남자,OK금융그룹,삼성화재,19:00,안산상록수,KBSN Sports,V리그 1Round,하이라이트 경기요약 상세결과,1,018,11. 09 (화)
2021-11-10,43.0,남자,대한항공,현대캐피탈,19:00,인천계양,KBSN Sports,V리그 2Round,하이라이트 경기요약 상세결과,1,018,11. 10 (수)
2021-11-11,45.0,남자,KB손해보험,우리카드,19:00,의정부,KBSN Sports,V리그 2Round,하이라이트 경기요약 상세결과,0,018,11. 11 (목)
2021-11-12,47.0,남자,OK금융그룹,한국전력,19:00,안산상록수,KBSN Sports,V리그 2Round,하이라이트 경기요약 상세결과,0,018,11. 12 (금)
2021-11-13,49.0,남자,삼성화재,현대캐피탈,14:00,대전충무,KBSN Sports,V리그 2Round,하이라이트 경기요약 상세결과,1,018,11. 13 (토)
2021-11-14,51.0,남자,우리카드,대한항공,14:00,서울장충,KBSN Sports,V리그 2Round,하이라이트 경기요약 상세결과,0,018,11. 14 (일)
2021-11-16,53.0,남자,삼성화재,OK금융그룹,19:00,대전충무,SBS Sports,V리그 2Round,하이라이트 경기요약 상세결과,0,018,11. 16 (화)
2021-11-17,55.0,남자,현대캐피탈,KB손해보험,19:00,천안유관순,SBS Sports,V리그 2Round,하이라이트 경기요약 상세결과,1,018,11. 17 (수)
2021-11-18,57.0,남자,한국전력,우리카드,19:00,수원,SBS Sports,V리그 2Round,하이라이트 경기요약 상세결과,0,018,11. 18 (목)
2021-11-19,59.0,남자,대한항공,삼성화재,19:00,인천계양,KBSN Sports,V리그 2Round,하이라이트 경기요약 상세결과,1,018,11. 19 (금)
2021-11-20,61.0,남자,OK금융그룹,현대캐피탈,14:00,안산상록수,SBS Sports,V리그 2Round,하이라이트 경기요약 상세결과,1,018,11. 20 (토)
2021-11-21,63.0,남자,KB손해보험,한국전력,14:00,의정부,KBSN Sports,V리그 2Round,하이라이트 경기요약 상세결과,0,018,11. 21 (일)
2021-11-23,65.0,남자,우리카드,OK금융그룹,19:00,서울장충,KBSN Sports,V리그 2Round,하이라이트 경기요약 상세결과,0,018,11. 23 (화)
2021-11-24,67.0,남자,대한항공,KB손해보험,19:00,인천계양,KBSN Sports,V리그 2Round,하이라이트 경기요약 상세결과,0,018,11. 24 (수)
2021-11-25,69.0,남자,한국전력,삼성화재,19:00,수원,KBSN Sports,V리그 2Round,하이라이트 경기요약 상세결과,0,018,11. 25 (목)
2021-11-26,71.0,남자,현대캐피탈,우리카드,19:00,천안유관순,KBSN Sports,V리그 2Round,하이라이트 경기요약 상세결과,1,018,11. 26 (금)
2021-11-27,73.0,남자,OK금융그룹,대한항공,14:00,안산상록수,SBS Sports,V리그 2Round,하이라이트 경기요약 상세결과,0,018,11. 27 (토)
2021-11-28,75.0,남자,KB손해보험,삼성화재,14:00,의정부,SBS Sports,V리그 2Round,하이라이트 경기요약 상세결과,1,018,11. 28 (일)
2021-11-30,77.0,남자,한국전력,대한항공,19:00,수원,KBSN Sports,V리그 2Round,하이라이트 경기요약 상세결과,1,018,11. 30 (화)
2021-12-01,79.0,남자,우리카드,삼성화재,19:00,서울장충,KBSN Sports,V리그 2Round,하이라이트 경기요약 상세결과,0,018,12. 01 (수)
2021-12-02,81.0,남자,KB손해보험,OK금융그룹,19:00,의정부,SBS Sports,V리그 2Round,하이라이트 경기요약 상세결과,1,018,12. 02 (목)
2021-12-03,83.0,남자,현대캐피탈,한국전력,19:00,천안유관순,SBS Sports,V리그 2Round,하이라이트 경기요약 상세결과,0,018,12. 03 (금)
2021-12-04,85.0,남자,대한항공,우리카드,14:00,인천계양,SBS Sports,V리그 3Round,하이라이트 경기요약 상세결과,1,018,12. 04 (토)
2021-12-05,87.0,남자,OK금융그룹,삼성화재,16:00,안산상록수,KBSN Sports / SBS Sports,V리그 3Round,하이라이트 경기요약 상세결과,1,018,12. 05 (일)
2021-12-07,89.0,남자,KB손해보험,현대캐피탈,19:00,의정부,KBSN Sports,V리그 3Round,하이라이트 경기요약 상세결과,1,018,12. 07 (화)
2021-12-08,91.0,남자,삼성화재,대한항공,19:00,대전충무,KBSN Sports,V리그 3Round,하이라이트 경기요약 상세결과,0,018,12. 08 (수)
2021-12-09,93.0,남자,한국전력,OK금융그룹,19:00,수원,KBSN Sports,V리그 3Round,하이라이트 경기요약 상세결과,1,018,12. 09 (목)
2021-12-10,95.0,남자,우리카드,KB손해보험,19:00,서울장충,KBSN Sports,V리그 3Round,하이라이트 경기요약 상세결과,0,018,12. 10 (금)
2021-12-11,97.0,남자,현대캐피탈,대한항공,14:00,천안유관순,SBS Sports,V리그 3Round,하이라이트 경기요약 상세결과,0,018,12. 11 (토)
2021-12-12,99.0,남자,삼성화재,한국전력,14:00,대전충무,KBSN Sports,V리그 3Round,하이라이트 경기요약 상세결과,1,018,12. 12 (일)
2021-12-14,101.0,남자,우리카드,현대캐피탈,19:00,서울장충,KBSN Sports,V리그 3Round,하이라이트 경기요약 상세결과,1,018,12. 14 (화)
2021-12-15,103.0,남자,대한항공,OK금융그룹,19:00,인천계양,SBS Sports,V리그 3Round,하이라이트 경기요약 상세결과,0,018,12. 15 (수)
2021-12-16,105.0,남자,삼성화재,KB손해보험,19:00,대전충무,SBS Sports,V리그 3Round,하이라이트 경기요약 상세결과,0,018,12. 16 (목)
2021-12-17,107.0,남자,한국전력,현대캐피탈,19:00,수원,SBS Sports,V리그 3Round,하이라이트 경기요약 상세결과,1,018,12. 17 (금)
2021-12-18,109.0,남자,OK금융그룹,우리카드,14:00,안산상록수,KBSN Sports,V리그 3Round,하이라이트 경기요약 상세결과,0,018,12. 18 (토)
2021-12-19,111.0,남자,KB손해보험,대한항공,14:00,의정부,KBSN Sports,V리그 3Round,하이라이트 경기요약 상세결과,0,018,12. 19 (일)
2021-12-21,113.0,남자,우리카드,한국전력,19:00,서울장충,SBS Sports,V리그 3Round,하이라이트 경기요약 상세결과,1,018,12. 21 (화)
2021-12-22,115.0,남자,현대캐피탈,삼성화재,19:00,천안유관순,KBSN Sports,V리그 3Round,하이라이트 경기요약 상세결과,1,018,12. 22 (수)
2021-12-23,117.0,남자,KB손해보험,OK금융그룹,19:00,의정부,SBS Sports,V리그 3Round,하이라이트 경기요약 상세결과,0,018,12. 23 (목)
2021-12-24,119.0,남자,대한항공,한국전력,19:00,인천계양,KBSN Sports,V리그 3Round,하이라이트 경기요약 상세결과,1,018,12. 24 (금)
2021-12-25,121.0,남자,삼성화재,우리카드,14:00,대전충무,KBSN Sports,V리그 3Round,하이라이트 경기요약 상세결과,0,018,12. 25 (토)
2021-12-26,123.0,남자,현대캐피탈,OK금융그룹,14:00,천안유관순,SBS Sports,V리그 3Round,하이라이트 경기요약 상세결과,1,018,12. 26 (일)
2021-12-28,125.0,남자,한국전력,KB손해보험,19:00,수원,KBSN Sports,V리그 3Round,하이라이트 경기요약 상세결과,0,018,12. 28 (화)
2021-12-29,127.0,남자,우리카드,삼성화재,19:00,서울장충,SBS Sports,V리그 4Round,하이라이트 경기요약 상세결과,1,018,12. 29 (수)
2021-12-30,129.0,남자,대한항공,현대캐피탈,19:00,인천계양,SBS Sports,V리그 4Round,하이라이트 경기요약 상세결과,1,018,12. 30 (목)
2021-12-31,131.0,남자,KB손해보험,OK금융그룹,19:00,의정부,KBSN Sports,V리그 4Round,하이라이트 경기요약 상세결과,1,018,12. 31 (금)
2022-01-01,133.0,남자,한국전력,삼성화재,14:00,수원,SBS Sports,V리그 4Round,하이라이트 경기요약 상세결과,1,018,01. 01 (토)
2022-01-02,135.0,남자,우리카드,대한항공,14:00,서울장충,SBS Sports,V리그 4Round,하이라이트 경기요약 상세결과,1,018,01. 02 (일)
2022-01-04,137.0,남자,현대캐피탈,한국전력,19:00,천안유관순,KBSN Sports,V리그 4Round,하이라이트 경기요약 상세결과,1,018,01. 04 (화)
2022-01-05,139.0,남자,삼성화재,KB손해보험,19:00,대전충무,KBSN Sports,V리그 4Round,하이라이트 경기요약 상세결과,1,018,01. 05 (수)
2022-01-06,141.0,남자,OK금융그룹,대한항공,19:00,안산상록수,KBSN Sports,V리그 4Round,하이라이트 경기요약 상세결과,0,018,01. 06 (목)
2022-01-07,143.0,남자,한국전력,우리카드,19:00,수원,KBSN Sports,V리그 4Round,하이라이트 경기요약 상세결과,0,018,01. 07 (금)
2022-01-08,145.0,남자,현대캐피탈,KB손해보험,14:00,천안유관순,KBSN Sports,V리그 4Round,하이라이트 경기요약 상세결과,0,018,01. 08 (토)
2022-01-09,147.0,남자,대한항공,삼성화재,14:00,인천계양,SBS Sports,V리그 4Round,하이라이트 경기요약 상세결과,0,018,01. 09 (일)
2022-01-11,149.0,남자,OK금융그룹,현대캐피탈,19:00,안산상록수,KBSN Sports,V리그 4Round,하이라이트 경기요약 상세결과,0,018,01. 11 (화)
2022-01-12,151.0,남자,우리카드,KB손해보험,19:00,서울장충,SBS Sports,V리그 4Round,하이라이트 경기요약 상세결과,1,018,01. 12 (수)
2022-01-13,153.0,남자,한국전력,대한항공,19:00,수원,SBS Sports,V리그 4Round,하이라이트 경기요약 상세결과,0,018,01. 13 (목)
2022-01-14,155.0,남자,삼성화재,현대캐피탈,19:00,대전충무,SBS Sports,V리그 4Round,하이라이트 경기요약 상세결과,0,018,01. 14 (금)
2022-01-15,157.0,남자,우리카드,OK금융그룹,14:00,서울장충,SBS Sports,V리그 4Round,하이라이트 경기요약 상세결과,0,018,01. 15 (토)
2022-01-16,159.0,남자,KB손해보험,한국전력,14:00,의정부,SBS Sports,V리그 4Round,하이라이트 경기요약 상세결과,0,018,01. 16 (일)
2022-01-18,161.0,남자,삼성화재,OK금융그룹,19:00,대전충무,KBSN Sports,V리그 4Round,하이라이트 경기요약 상세결과,1,018,01. 18 (화)
2022-01-19,163.0,남자,현대캐피탈,우리카드,19:00,천안유관순,SBS Sports,V리그 4Round,하이라이트 상세결과,1,018,01. 19 (수)
2022-01-20,165.0,남자,대한항공,KB손해보험,19:00,인천계양,SBS Sports,V리그 4Round,하이라이트 경기요약 상세결과,1,018,01. 20 (목)
2022-01-21,167.0,남자,한국전력,OK금융그룹,19:00,수원,SBS Sports,V리그 4Round,하이라이트 경기요약 상세결과,1,018,01. 21 (금)
2022-01-28,169.0,남자,우리카드,현대캐피탈,19:00,서울장충,SBS Sports,V리그 5Round,하이라이트 경기요약 상세결과,0,018,01. 28 (금)
2022-01-29,171.0,남자,KB손해보험,대한항공,14:00,의정부,SBS Sports,V리그 5Round,하이라이트 경기요약 상세결과,1,018,01. 29 (토)
2022-01-30,173.0,남자,OK금융그룹,한국전력,14:00,안산상록수,SBS Sports,V리그 5Round,하이라이트 경기요약 상세결과,1,018,01. 30 (일)
2022-01-31,175.0,남자,삼성화재,현대캐피탈,14:00,대전충무,SBS Sports,V리그 5Round,하이라이트 경기요약 상세결과,1,018,01. 31 (월)
2022-02-01,177.0,남자,대한항공,우리카드,14:00,인천계양,SBS Sports,V리그 5Round,하이라이트 경기요약 상세결과,0,018,02. 01 (화)
2022-02-02,179.0,남자,OK금융그룹,KB손해보험,14:00,안산상록수,KBSN Sports,V리그 5Round,하이라이트 경기요약 상세결과,1,018,02. 02 (수)
2022-02-03,181.0,남자,삼성화재,한국전력,19:00,대전충무,SBS Sports,V리그 5Round,하이라이트 경기요약 상세결과,1,018,02. 03 (목)
2022-02-04,183.0,남자,현대캐피탈,대한항공,19:00,천안유관순,KBSN Sports,V리그 5Round,하이라이트 경기요약 상세결과,0,018,02. 04 (금)
2022-02-05,185.0,남자,우리카드,KB손해보험,14:00,서울장충,SBS Sports,V리그 5Round,하이라이트 경기요약 상세결과,0,018,02. 05 (토)
2022-02-06,187.0,남자,OK금융그룹,삼성화재,14:00,안산상록수,KBSN Sports,V리그 5Round,하이라이트 경기요약 상세결과,1,018,02. 06 (일)
2022-02-08,189.0,남자,우리카드,한국전력,19:00,서울장충,KBSN Sports,V리그 5Round,하이라이트 경기요약 상세결과,1,018,02. 08 (화)
2022-02-09,191.0,남자,KB손해보험,현대캐피탈,19:00,의정부,SBS Sports,V리그 5Round,하이라이트 경기요약 상세결과,1,018,02. 09 (수)
2022-02-10,192.0,남자,대한항공,OK금융그룹,19:00,인천계양,KBSN Sports,V리그 5Round,하이라이트 경기요약 상세결과,1,018,02. 10 (목)
2022-02-11,194.0,남자,삼성화재,우리카드,19:00,대전충무,SBS Sports,V리그 5Round,하이라이트 경기요약 상세결과,1,018,02. 11 (금)
2022-02-12,196.0,남자,한국전력,KB손해보험,14:00,수원,SBS Sports,V리그 5Round,하이라이트 경기요약 상세결과,1,018,02. 12 (토)
2022-02-13,197.0,남자,현대캐피탈,OK금융그룹,14:00,천안유관순,KBSN Sports,V리그 5Round,하이라이트 경기요약 상세결과,0,018,02. 13 (일)
2022-03-05,209.0,남자,삼성화재,대한항공,14:00,대전충무,KBSN Sports,V리그 5Round,하이라이트 경기요약 상세결과,0,018,03. 05 (토)
2022-03-06,211.0,남자,한국전력,현대캐피탈,14:00,수원,KBSN Sports,V리그 5Round,하이라이트 경기요약 상세결과,1,018,03. 06 (일)
2022-03-07,212.0,남자,OK금융그룹,우리카드,19:00,안산상록수,KBSN Sports,V리그 5Round,하이라이트 경기요약 상세결과,1,018,03. 07 (월)
2022-03-08,213.0,남자,삼성화재,KB손해보험,19:00,대전충무,KBSN Sports,V리그 5Round,하이라이트 경기요약 상세결과,0,018,03. 08 (화)
2022-03-09,214.0,남자,대한항공,한국전력,14:00,인천계양,SBS Sports,V리그 5Round,하이라이트 경기요약 상세결과,1,018,03. 09 (수)
2022-03-10,215.0,남자,현대캐피탈,KB손해보험,19:00,천안유관순,KBSN Sports,V리그 6Round,하이라이트 경기요약 상세결과,0,018,03. 10 (목)
2022-03-11,216.0,남자,우리카드,OK금융그룹,19:00,서울장충,KBSN Sports,V리그 6Round,하이라이트 경기요약 상세결과,1,018,03. 11 (금)
2022-03-12,217.0,남자,한국전력,삼성화재,14:00,수원,SBS Sports,V리그 6Round,하이라이트 경기요약 상세결과,1,018,03. 12 (토)
2022-03-13,218.0,남자,대한항공,현대캐피탈,14:00,인천계양,KBSN Sports,V리그 6Round,하이라이트 경기요약 상세결과,1,018,03. 13 (일)
2022-03-14,219.0,남자,KB손해보험,우리카드,19:00,의정부,SBS Sports,V리그 6Round,하이라이트 경기요약 상세결과,1,018,03. 14 (월)
2022-03-15,220.0,남자,OK금융그룹,한국전력,19:00,안산상록수,KBSN Sports,V리그 6Round,하이라이트 경기요약 상세결과,0,018,03. 15 (화)
2022-03-16,221.0,남자,우리카드,대한항공,19:00,서울장충,SBS Sports,V리그 6Round,하이라이트 경기요약 상세결과,0,018,03. 16 (수)
2022-03-17,222.0,남자,현대캐피탈,삼성화재,19:00,천안유관순,SBS Sports,V리그 6Round,하이라이트 경기요약 상세결과,1,018,03. 17 (목)
2022-03-18,223.0,남자,OK금융그룹,KB손해보험,19:00,안산상록수,SBS Sports,V리그 6Round,하이라이트 경기요약 상세결과,0,018,03. 18 (금)
2022-03-19,224.0,남자,한국전력,대한항공,14:00,수원,SBS Sports,V리그 6Round,하이라이트 경기요약 상세결과,1,018,03. 19 (토)
2022-03-20,225.0,남자,현대캐피탈,우리카드,13:33,천안유관순,KBS1,V리그 6Round,하이라이트 경기요약 상세결과,0,018,03. 20 (일)
2022-03-21,227.0,남자,삼성화재,OK금융그룹,19:00,대전충무,KBSN Sports,V리그 6Round,하이라이트 경기요약 상세결과,0,018,03. 21 (월)
2022-03-22,229.0,남자,대한항공,KB손해보험,19:00,인천계양,KBSN Sports,V리그 6Round,하이라이트 경기요약 상세결과,1,018,03. 22 (화)
2022-03-23,230.0,남자,우리카드,삼성화재,19:00,서울장충,SBS Sports,V리그 6Round,하이라이트 경기요약 상세결과,1,018,03. 23 (수)
2022-03-24,231.0,남자,현대캐피탈,한국전력,19:00,천안유관순,KBSN Sports,V리그 6Round,하이라이트 경기요약 상세결과,0,018,03. 24 (목)
2022-03-25,232.0,남자,OK금융그룹,대한항공,19:00,안산상록수,KBSN Sports,V리그 6Round,하이라이트 경기요약 상세결과,0,018,03. 25 (금)
2022-03-26,233.0,남자,KB손해보험,삼성화재,14:00,의정부,SBS Sports,V리그 6Round,하이라이트 경기요약 상세결과,0,018,03. 26 (토)
2022-03-27,234.0,남자,한국전력,우리카드,16:00,수원,KBSN Sports,V리그 6Round,하이라이트 경기요약 상세결과,0,018,03. 27 (일)
2022-03-28,235.0,남자,OK금융그룹,현대캐피탈,19:00,안산상록수,KBSN Sports,V리그 6Round,하이라이트 경기요약 상세결과,0,018,03. 28 (월)
2022-03-29,236.0,남자,대한항공,삼성화재,19:00,인천계양,KBSN Sports,V리그 6Round,하이라이트 경기요약 상세결과,1,018,03. 29 (화)
2022-03-30,237.0,남자,KB손해보험,한국전력,19:00,의정부,SBS Sports,V리그 6Round,하이라이트 경기요약 상세결과,0,018,03. 30 (수)
2022-04-01,238.0,남자,우리카드,한국전력,19:00,서울장충,KBSN Sports / SBS Sports,V리그 준플레이오프,하이라이트 경기요약 상세결과,0,018,04. 01 (금)
2022-04-03,239.0,남자,KB손해보험,한국전력,19:00,의정부,KBSN Sports / SBS Sports,V리그 플레이오프,하이라이트 경기요약 상세결과,1,018,04. 03 (일)
2022-04-05,240.0,남자,대한항공,KB손해보험,19:00,인천계양,SBS Sports,V리그 챔피언결정전,하이라이트 경기요약 상세결과,1,018,04. 05 (화)
2022-04-07,241.0,남자,KB손해보험,대한항공,19:00,의정부,SBS Sports,V리그 챔피언결정전,하이라이트 경기요약 상세결과,1,018,04. 07 (목)
2022-04-09,242.0,남자,대한항공,KB손해보험,14:00,인천계양,KBSN Sports / SBS Sports,V리그 챔피언결정전,하이라이트 경기요약 상세결과,1,018,04. 09 (토)
