경기 No.,경기일자,상대팀,세트스코어,득점,실점,경기시간,승패,시즌,홈팀
24,2017.10.29,KGC인삼공사,2:3,101,112,2h 06m,lose,14,한국도로공사
54,2017.11.18,KGC인삼공사,3:2,104,100,2h 08m,win,14,한국도로공사
76,2017.12.03,KGC인삼공사,3:0,75,46,1h 10m,win,14,한국도로공사
137,2018.01.13,KGC인삼공사,2:3,112,111,2h 12m,lose,14,한국도로공사
167,2018.02.08,KGC인삼공사,3:0,82,65,1h 23m,win,14,한국도로공사
189,2018.02.22,KGC인삼공사,3:0,75,66,1h 28m,win,14,한국도로공사
27,2017.11.01,흥국생명,3:0,75,54,1h 23m,win,14,한국도로공사
39,2017.11.09,흥국생명,3:0,84,71,1h 30m,win,14,한국도로공사
97,2017.12.17,흥국생명,3:2,110,98,2h 07m,win,14,한국도로공사
117,2017.12.31,흥국생명,3:2,99,104,2h 09m,win,14,한국도로공사
174,2018.02.13,흥국생명,3:1,93,74,1h 47m,win,14,한국도로공사
202,2018.03.03,흥국생명,3:0,75,56,1h 15m,win,14,한국도로공사
5,2017.10.17,GS 칼텍스,2:3,107,110,2h 17m,lose,14,한국도로공사
57,2017.11.21,GS 칼텍스,3:1,95,81,1h 51m,win,14,한국도로공사
79,2017.12.06,GS 칼텍스,3:0,75,63,1h 29m,win,14,한국도로공사
129,2018.01.09,GS 칼텍스,3:2,121,112,2h 16m,win,14,한국도로공사
162,2018.02.04,GS 칼텍스,3:2,114,107,2h 22m,win,14,한국도로공사
211,2018.03.10,GS 칼텍스,0:3,58,75,1h 14m,lose,14,한국도로공사
14,2017.10.22,IBK기업은행,2:3,96,104,2h 01m,lose,14,한국도로공사
67,2017.11.28,IBK기업은행,3:0,76,66,1h 27m,win,14,한국도로공사
87,2017.12.12,IBK기업은행,3:1,96,79,1h 47m,win,14,한국도로공사
142,2018.01.17,IBK기업은행,3:1,95,70,1h 49m,win,14,한국도로공사
153,2018.01.30,IBK기업은행,2:3,102,109,2h 22m,lose,14,한국도로공사
182,2018.02.17,IBK기업은행,0:3,55,75,1h 16m,lose,14,한국도로공사
223,2018.03.23,IBK기업은행,3:2,113,108,2h 19m,win,14,한국도로공사
225,2018.03.25,IBK기업은행,3:1,95,82,1h 57m,win,14,한국도로공사
227,2018.03.27,IBK기업은행,3:1,97,77,1h 53m,win,14,한국도로공사
시즌 상대전적이 없습니다.,시즌 상대전적이 없습니다.,시즌 상대전적이 없습니다.,시즌 상대전적이 없습니다.,시즌 상대전적이 없습니다.,시즌 상대전적이 없습니다.,시즌 상대전적이 없습니다.,시즌 상대전적이 없습니다.,14,한국도로공사
24,2017.10.29,한국도로공사,3:2,112,101,2h 06m,win,14,KGC인삼공사
54,2017.11.18,한국도로공사,2:3,100,104,2h 08m,lose,14,KGC인삼공사
76,2017.12.03,한국도로공사,0:3,46,75,1h 10m,lose,14,KGC인삼공사
137,2018.01.13,한국도로공사,3:2,111,112,2h 12m,win,14,KGC인삼공사
167,2018.02.08,한국도로공사,0:3,65,82,1h 23m,lose,14,KGC인삼공사
189,2018.02.22,한국도로공사,0:3,66,75,1h 28m,lose,14,KGC인삼공사
12,2017.10.21,흥국생명,2:3,96,108,1h 58m,lose,14,KGC인삼공사
48,2017.11.15,흥국생명,3:0,75,46,1h 11m,win,14,KGC인삼공사
86,2017.12.10,흥국생명,0:3,64,75,1h 25m,lose,14,KGC인삼공사
144,2018.01.18,흥국생명,3:1,95,89,1h 44m,win,14,KGC인삼공사
160,2018.02.03,흥국생명,2:3,105,95,1h 57m,lose,14,KGC인삼공사
184,2018.02.18,흥국생명,3:2,102,100,2h 02m,win,14,KGC인삼공사
15,2017.10.24,GS 칼텍스,3:1,105,103,1h 59m,win,14,KGC인삼공사
69,2017.11.29,GS 칼텍스,0:3,52,75,1h 14m,lose,14,KGC인삼공사
89,2017.12.13,GS 칼텍스,0:3,43,75,1h 07m,lose,14,KGC인삼공사
115,2017.12.30,GS 칼텍스,3:1,92,88,1h 45m,win,14,KGC인삼공사
152,2018.01.28,GS 칼텍스,0:3,53,75,1h 11m,lose,14,KGC인삼공사
199,2018.03.01,GS 칼텍스,1:3,77,95,1h 40m,lose,14,KGC인삼공사
35,2017.11.07,IBK기업은행,3:2,104,98,2h 03m,win,14,KGC인삼공사
43,2017.11.11,IBK기업은행,0:3,56,75,1h 18m,lose,14,KGC인삼공사
106,2017.12.24,IBK기업은행,1:3,85,98,1h 59m,lose,14,KGC인삼공사
131,2018.01.10,IBK기업은행,0:3,60,75,1h 17m,lose,14,KGC인삼공사
176,2018.02.14,IBK기업은행,0:3,51,75,1h 12m,lose,14,KGC인삼공사
213,2018.03.11,IBK기업은행,0:3,54,75,1h 18m,lose,14,KGC인삼공사
시즌 상대전적이 없습니다.,시즌 상대전적이 없습니다.,시즌 상대전적이 없습니다.,시즌 상대전적이 없습니다.,시즌 상대전적이 없습니다.,시즌 상대전적이 없습니다.,시즌 상대전적이 없습니다.,시즌 상대전적이 없습니다.,14,KGC인삼공사
27,2017.11.01,한국도로공사,0:3,54,75,1h 23m,lose,14,흥국생명
39,2017.11.09,한국도로공사,0:3,71,84,1h 30m,lose,14,흥국생명
97,2017.12.17,한국도로공사,2:3,98,110,2h 07m,lose,14,흥국생명
117,2017.12.31,한국도로공사,2:3,104,99,2h 09m,lose,14,흥국생명
174,2018.02.13,한국도로공사,1:3,74,93,1h 47m,lose,14,흥국생명
202,2018.03.03,한국도로공사,0:3,56,75,1h 15m,lose,14,흥국생명
12,2017.10.21,KGC인삼공사,3:2,108,96,1h 58m,win,14,흥국생명
48,2017.11.15,KGC인삼공사,0:3,46,75,1h 11m,lose,14,흥국생명
86,2017.12.10,KGC인삼공사,3:0,75,64,1h 25m,win,14,흥국생명
144,2018.01.18,KGC인삼공사,1:3,89,95,1h 44m,lose,14,흥국생명
160,2018.02.03,KGC인삼공사,3:2,95,105,1h 57m,win,14,흥국생명
184,2018.02.18,KGC인삼공사,2:3,100,102,2h 02m,lose,14,흥국생명
32,2017.11.04,GS 칼텍스,2:3,101,111,2h 04m,lose,14,흥국생명
44,2017.11.12,GS 칼텍스,3:0,77,68,1h 29m,win,14,흥국생명
108,2017.12.25,GS 칼텍스,2:3,104,103,2h 02m,lose,14,흥국생명
121,2018.01.03,GS 칼텍스,3:2,103,97,2h 15m,win,14,흥국생명
165,2018.02.07,GS 칼텍스,1:3,89,98,2h 00m,lose,14,흥국생명
192,2018.02.24,GS 칼텍스,0:3,63,75,1h 21m,lose,14,흥국생명
2,2017.10.14,IBK기업은행,2:3,108,96,2h 06m,lose,14,흥국생명
64,2017.11.25,IBK기업은행,2:3,108,98,2h 05m,lose,14,흥국생명
74,2017.12.02,IBK기업은행,0:3,51,75,1h 17m,lose,14,흥국생명
139,2018.01.14,IBK기업은행,0:3,57,75,1h 15m,lose,14,흥국생명
150,2018.01.27,IBK기업은행,0:3,49,75,1h 09m,lose,14,흥국생명
187,2018.02.21,IBK기업은행,3:2,108,102,2h 15m,win,14,흥국생명
시즌 상대전적이 없습니다.,시즌 상대전적이 없습니다.,시즌 상대전적이 없습니다.,시즌 상대전적이 없습니다.,시즌 상대전적이 없습니다.,시즌 상대전적이 없습니다.,시즌 상대전적이 없습니다.,시즌 상대전적이 없습니다.,14,흥국생명
5,2017.10.17,한국도로공사,3:2,110,107,2h 17m,win,14,GS 칼텍스
57,2017.11.21,한국도로공사,1:3,81,95,1h 51m,lose,14,GS 칼텍스
79,2017.12.06,한국도로공사,0:3,63,75,1h 29m,lose,14,GS 칼텍스
129,2018.01.09,한국도로공사,2:3,112,121,2h 16m,lose,14,GS 칼텍스
162,2018.02.04,한국도로공사,2:3,107,114,2h 22m,lose,14,GS 칼텍스
211,2018.03.10,한국도로공사,3:0,75,58,1h 14m,win,14,GS 칼텍스
15,2017.10.24,KGC인삼공사,1:3,103,105,1h 59m,lose,14,GS 칼텍스
69,2017.11.29,KGC인삼공사,3:0,75,52,1h 14m,win,14,GS 칼텍스
89,2017.12.13,KGC인삼공사,3:0,75,43,1h 07m,win,14,GS 칼텍스
115,2017.12.30,KGC인삼공사,1:3,88,92,1h 45m,lose,14,GS 칼텍스
152,2018.01.28,KGC인삼공사,3:0,75,53,1h 11m,win,14,GS 칼텍스
199,2018.03.01,KGC인삼공사,3:1,95,77,1h 40m,win,14,GS 칼텍스
32,2017.11.04,흥국생명,3:2,111,101,2h 04m,win,14,GS 칼텍스
44,2017.11.12,흥국생명,0:3,68,77,1h 29m,lose,14,GS 칼텍스
108,2017.12.25,흥국생명,3:2,103,104,2h 02m,win,14,GS 칼텍스
121,2018.01.03,흥국생명,2:3,97,103,2h 15m,lose,14,GS 칼텍스
165,2018.02.07,흥국생명,3:1,98,89,2h 00m,win,14,GS 칼텍스
192,2018.02.24,흥국생명,3:0,75,63,1h 21m,win,14,GS 칼텍스
25,2017.10.31,IBK기업은행,0:3,61,75,1h 20m,lose,14,GS 칼텍스
50,2017.11.16,IBK기업은행,3:2,111,109,2h 20m,win,14,GS 칼텍스
95,2017.12.16,IBK기업은행,0:3,61,75,1h 20m,lose,14,GS 칼텍스
126,2018.01.06,IBK기업은행,0:3,62,75,1h 23m,lose,14,GS 칼텍스
173,2018.02.11,IBK기업은행,2:3,103,109,2h 17m,lose,14,GS 칼텍스
205,2018.03.06,IBK기업은행,1:3,91,97,1h 49m,lose,14,GS 칼텍스
시즌 상대전적이 없습니다.,시즌 상대전적이 없습니다.,시즌 상대전적이 없습니다.,시즌 상대전적이 없습니다.,시즌 상대전적이 없습니다.,시즌 상대전적이 없습니다.,시즌 상대전적이 없습니다.,시즌 상대전적이 없습니다.,14,GS 칼텍스
14,2017.10.22,한국도로공사,3:2,104,96,2h 01m,win,14,IBK 기업은행
67,2017.11.28,한국도로공사,0:3,66,76,1h 27m,lose,14,IBK 기업은행
87,2017.12.12,한국도로공사,1:3,79,96,1h 47m,lose,14,IBK 기업은행
142,2018.01.17,한국도로공사,1:3,70,95,1h 49m,lose,14,IBK 기업은행
153,2018.01.30,한국도로공사,3:2,109,102,2h 22m,win,14,IBK 기업은행
182,2018.02.17,한국도로공사,3:0,75,55,1h 16m,win,14,IBK 기업은행
223,2018.03.23,한국도로공사,2:3,108,113,2h 19m,lose,14,IBK 기업은행
225,2018.03.25,한국도로공사,1:3,82,95,1h 57m,lose,14,IBK 기업은행
227,2018.03.27,한국도로공사,1:3,77,97,1h 53m,lose,14,IBK 기업은행
35,2017.11.07,KGC인삼공사,2:3,98,104,2h 03m,lose,14,IBK 기업은행
43,2017.11.11,KGC인삼공사,3:0,75,56,1h 18m,win,14,IBK 기업은행
106,2017.12.24,KGC인삼공사,3:1,98,85,1h 59m,win,14,IBK 기업은행
131,2018.01.10,KGC인삼공사,3:0,75,60,1h 17m,win,14,IBK 기업은행
176,2018.02.14,KGC인삼공사,3:0,75,51,1h 12m,win,14,IBK 기업은행
213,2018.03.11,KGC인삼공사,3:0,75,54,1h 18m,win,14,IBK 기업은행
2,2017.10.14,흥국생명,3:2,96,108,2h 06m,win,14,IBK 기업은행
64,2017.11.25,흥국생명,3:2,98,108,2h 05m,win,14,IBK 기업은행
74,2017.12.02,흥국생명,3:0,75,51,1h 17m,win,14,IBK 기업은행
139,2018.01.14,흥국생명,3:0,75,57,1h 15m,win,14,IBK 기업은행
150,2018.01.27,흥국생명,3:0,75,49,1h 09m,win,14,IBK 기업은행
187,2018.02.21,흥국생명,2:3,102,108,2h 15m,lose,14,IBK 기업은행
25,2017.10.31,GS 칼텍스,3:0,75,61,1h 20m,win,14,IBK 기업은행
50,2017.11.16,GS 칼텍스,2:3,109,111,2h 20m,lose,14,IBK 기업은행
95,2017.12.16,GS 칼텍스,3:0,75,61,1h 20m,win,14,IBK 기업은행
126,2018.01.06,GS 칼텍스,3:0,75,62,1h 23m,win,14,IBK 기업은행
173,2018.02.11,GS 칼텍스,3:2,109,103,2h 17m,win,14,IBK 기업은행
205,2018.03.06,GS 칼텍스,3:1,97,91,1h 49m,win,14,IBK 기업은행
시즌 상대전적이 없습니다.,시즌 상대전적이 없습니다.,시즌 상대전적이 없습니다.,시즌 상대전적이 없습니다.,시즌 상대전적이 없습니다.,시즌 상대전적이 없습니다.,시즌 상대전적이 없습니다.,시즌 상대전적이 없습니다.,14,IBK 기업은행
시즌 상대전적이 없습니다.,시즌 상대전적이 없습니다.,시즌 상대전적이 없습니다.,시즌 상대전적이 없습니다.,시즌 상대전적이 없습니다.,시즌 상대전적이 없습니다.,시즌 상대전적이 없습니다.,시즌 상대전적이 없습니다.,14,페퍼저축은행
시즌 상대전적이 없습니다.,시즌 상대전적이 없습니다.,시즌 상대전적이 없습니다.,시즌 상대전적이 없습니다.,시즌 상대전적이 없습니다.,시즌 상대전적이 없습니다.,시즌 상대전적이 없습니다.,시즌 상대전적이 없습니다.,14,페퍼저축은행
시즌 상대전적이 없습니다.,시즌 상대전적이 없습니다.,시즌 상대전적이 없습니다.,시즌 상대전적이 없습니다.,시즌 상대전적이 없습니다.,시즌 상대전적이 없습니다.,시즌 상대전적이 없습니다.,시즌 상대전적이 없습니다.,14,페퍼저축은행
시즌 상대전적이 없습니다.,시즌 상대전적이 없습니다.,시즌 상대전적이 없습니다.,시즌 상대전적이 없습니다.,시즌 상대전적이 없습니다.,시즌 상대전적이 없습니다.,시즌 상대전적이 없습니다.,시즌 상대전적이 없습니다.,14,페퍼저축은행
시즌 상대전적이 없습니다.,시즌 상대전적이 없습니다.,시즌 상대전적이 없습니다.,시즌 상대전적이 없습니다.,시즌 상대전적이 없습니다.,시즌 상대전적이 없습니다.,시즌 상대전적이 없습니다.,시즌 상대전적이 없습니다.,14,페퍼저축은행
19,2018.10.27,KGC인삼공사,1:3,78,97,1h 46m,lose,15,한국도로공사
38,2018.11.07,KGC인삼공사,3:2,113,102,2h 16m,win,15,한국도로공사
86,2018.12.09,KGC인삼공사,3:0,75,49,1h 15m,win,15,한국도로공사
115,2018.12.29,KGC인삼공사,3:0,75,58,1h 24m,win,15,한국도로공사
176,2019.02.13,KGC인삼공사,3:2,107,92,2h 08m,win,15,한국도로공사
197,2019.02.27,KGC인삼공사,3:0,75,64,1h 35m,win,15,한국도로공사
34,2018.11.04,흥국생명,2:3,107,105,2h 16m,lose,15,한국도로공사
58,2018.11.21,흥국생명,3:1,93,79,1h 47m,win,15,한국도로공사
89,2018.12.12,흥국생명,1:3,92,103,2h 05m,lose,15,한국도로공사
131,2019.01.09,흥국생명,3:2,108,96,2h 17m,win,15,한국도로공사
167,2019.02.06,흥국생명,3:0,79,61,1h 32m,win,15,한국도로공사
208,2019.03.06,흥국생명,3:1,108,96,2h 17m,win,15,한국도로공사
222,2019.03.21,흥국생명,1:3,80,86,1h 48m,lose,15,한국도로공사
224,2019.03.23,흥국생명,3:0,75,60,1h 31m,win,15,한국도로공사
226,2019.03.25,흥국생명,2:3,104,103,2h 17m,lose,15,한국도로공사
228,2019.03.27,흥국생명,1:3,99,96,2h 07m,lose,15,한국도로공사
22,2018.10.29,GS 칼텍스,0:3,53,75,1h 23m,lose,15,한국도로공사
68,2018.11.28,GS 칼텍스,0:3,53,77,1h 22m,lose,15,한국도로공사
106,2018.12.23,GS 칼텍스,3:1,93,82,1h 52m,win,15,한국도로공사
136,2019.01.12,GS 칼텍스,3:2,111,98,2h 23m,win,15,한국도로공사
159,2019.02.02,GS 칼텍스,3:0,75,58,1h 32m,win,15,한국도로공사
205,2019.03.03,GS 칼텍스,3:2,101,92,2h 03m,win,15,한국도로공사
217,2019.03.15,GS 칼텍스,3:2,115,98,2h 26m,win,15,한국도로공사
219,2019.03.17,GS 칼텍스,2:3,96,106,2h 23m,lose,15,한국도로공사
221,2019.03.19,GS 칼텍스,3:2,105,91,2h 09m,win,15,한국도로공사
9,2018.10.22,IBK기업은행,3:2,108,110,2h 28m,win,15,한국도로공사
53,2018.11.17,IBK기업은행,2:3,98,105,2h 18m,lose,15,한국도로공사
99,2018.12.19,IBK기업은행,3:1,97,79,1h 59m,win,15,한국도로공사
109,2018.12.25,IBK기업은행,0:3,54,75,1h 27m,lose,15,한국도로공사
173,2019.02.10,IBK기업은행,3:0,78,64,1h 36m,win,15,한국도로공사
215,2019.03.10,IBK기업은행,1:3,83,94,1h 53m,lose,15,한국도로공사
시즌 상대전적이 없습니다.,시즌 상대전적이 없습니다.,시즌 상대전적이 없습니다.,시즌 상대전적이 없습니다.,시즌 상대전적이 없습니다.,시즌 상대전적이 없습니다.,시즌 상대전적이 없습니다.,시즌 상대전적이 없습니다.,15,한국도로공사
19,2018.10.27,한국도로공사,3:1,97,78,1h 46m,win,15,KGC인삼공사
38,2018.11.07,한국도로공사,2:3,102,113,2h 16m,lose,15,KGC인삼공사
86,2018.12.09,한국도로공사,0:3,49,75,1h 15m,lose,15,KGC인삼공사
115,2018.12.29,한국도로공사,0:3,58,75,1h 24m,lose,15,KGC인삼공사
176,2019.02.13,한국도로공사,2:3,92,107,2h 08m,lose,15,KGC인삼공사
197,2019.02.27,한국도로공사,0:3,64,75,1h 35m,lose,15,KGC인삼공사
13,2018.10.24,흥국생명,1:3,85,99,1h 50m,lose,15,KGC인삼공사
55,2018.11.18,흥국생명,0:3,66,75,1h 28m,lose,15,KGC인삼공사
107,2018.12.24,흥국생명,0:3,47,75,1h 09m,lose,15,KGC인삼공사
141,2019.01.16,흥국생명,0:3,54,75,1h 20m,lose,15,KGC인삼공사
145,2019.01.24,흥국생명,2:3,96,106,2h 06m,lose,15,KGC인삼공사
203,2019.03.02,흥국생명,0:3,59,75,1h 21m,lose,15,KGC인삼공사
26,2018.10.31,GS 칼텍스,3:1,98,71,1h 40m,win,15,KGC인삼공사
65,2018.11.25,GS 칼텍스,1:3,84,96,1h 50m,lose,15,KGC인삼공사
96,2018.12.16,GS 칼텍스,0:3,60,75,1h 20m,lose,15,KGC인삼공사
132,2019.01.09,GS 칼텍스,0:3,68,76,1h 24m,lose,15,KGC인삼공사
171,2019.02.09,GS 칼텍스,1:3,85,98,1h 51m,lose,15,KGC인삼공사
188,2019.02.20,GS 칼텍스,1:3,81,96,1h 57m,lose,15,KGC인삼공사
35,2018.11.05,IBK기업은행,3:0,75,58,1h 17m,win,15,KGC인삼공사
49,2018.11.14,IBK기업은행,1:3,85,97,1h 54m,lose,15,KGC인삼공사
90,2018.12.12,IBK기업은행,0:3,51,75,1h 28m,lose,15,KGC인삼공사
120,2019.01.01,IBK기업은행,0:3,62,75,1h 28m,lose,15,KGC인삼공사
155,2019.01.30,IBK기업은행,0:3,55,75,1h 23m,lose,15,KGC인삼공사
209,2019.03.06,IBK기업은행,3:0,76,68,1h 29m,win,15,KGC인삼공사
시즌 상대전적이 없습니다.,시즌 상대전적이 없습니다.,시즌 상대전적이 없습니다.,시즌 상대전적이 없습니다.,시즌 상대전적이 없습니다.,시즌 상대전적이 없습니다.,시즌 상대전적이 없습니다.,시즌 상대전적이 없습니다.,15,KGC인삼공사
34,2018.11.04,한국도로공사,3:2,105,107,2h 16m,win,15,흥국생명
58,2018.11.21,한국도로공사,1:3,79,93,1h 47m,lose,15,흥국생명
89,2018.12.12,한국도로공사,3:1,103,92,2h 05m,win,15,흥국생명
131,2019.01.09,한국도로공사,2:3,96,108,2h 17m,lose,15,흥국생명
167,2019.02.06,한국도로공사,0:3,61,79,1h 32m,lose,15,흥국생명
208,2019.03.06,한국도로공사,1:3,96,108,2h 17m,lose,15,흥국생명
222,2019.03.21,한국도로공사,3:1,86,80,1h 48m,win,15,흥국생명
224,2019.03.23,한국도로공사,0:3,60,75,1h 31m,lose,15,흥국생명
226,2019.03.25,한국도로공사,3:2,103,104,2h 17m,win,15,흥국생명
228,2019.03.27,한국도로공사,3:1,96,99,2h 07m,win,15,흥국생명
13,2018.10.24,KGC인삼공사,3:1,99,85,1h 50m,win,15,흥국생명
55,2018.11.18,KGC인삼공사,3:0,75,66,1h 28m,win,15,흥국생명
107,2018.12.24,KGC인삼공사,3:0,75,47,1h 09m,win,15,흥국생명
141,2019.01.16,KGC인삼공사,3:0,75,54,1h 20m,win,15,흥국생명
145,2019.01.24,KGC인삼공사,3:2,106,96,2h 06m,win,15,흥국생명
203,2019.03.02,KGC인삼공사,3:0,75,59,1h 21m,win,15,흥국생명
16,2018.10.26,GS 칼텍스,0:3,70,79,1h 33m,lose,15,흥국생명
45,2018.11.11,GS 칼텍스,2:3,112,109,2h 15m,lose,15,흥국생명
74,2018.12.01,GS 칼텍스,3:0,76,58,1h 26m,win,15,흥국생명
121,2019.01.02,GS 칼텍스,0:3,48,75,1h 14m,lose,15,흥국생명
177,2019.02.13,GS 칼텍스,3:0,78,61,1h 25m,win,15,흥국생명
192,2019.02.23,GS 칼텍스,3:0,76,66,1h 33m,win,15,흥국생명
27,2018.11.01,IBK기업은행,0:3,67,82,1h 33m,lose,15,흥국생명
69,2018.11.28,IBK기업은행,3:1,98,91,1h 56m,win,15,흥국생명
84,2018.12.08,IBK기업은행,2:3,92,97,2h 06m,lose,15,흥국생명
128,2019.01.06,IBK기업은행,3:0,76,62,1h 36m,win,15,흥국생명
163,2019.02.04,IBK기업은행,3:2,105,94,2h 14m,win,15,흥국생명
198,2019.02.27,IBK기업은행,3:2,110,93,2h 22m,win,15,흥국생명
시즌 상대전적이 없습니다.,시즌 상대전적이 없습니다.,시즌 상대전적이 없습니다.,시즌 상대전적이 없습니다.,시즌 상대전적이 없습니다.,시즌 상대전적이 없습니다.,시즌 상대전적이 없습니다.,시즌 상대전적이 없습니다.,15,흥국생명
22,2018.10.29,한국도로공사,3:0,75,53,1h 23m,win,15,GS 칼텍스
68,2018.11.28,한국도로공사,3:0,77,53,1h 22m,win,15,GS 칼텍스
106,2018.12.23,한국도로공사,1:3,82,93,1h 52m,lose,15,GS 칼텍스
136,2019.01.12,한국도로공사,2:3,98,111,2h 23m,lose,15,GS 칼텍스
159,2019.02.02,한국도로공사,0:3,58,75,1h 32m,lose,15,GS 칼텍스
205,2019.03.03,한국도로공사,2:3,92,101,2h 03m,lose,15,GS 칼텍스
217,2019.03.15,한국도로공사,2:3,98,115,2h 26m,lose,15,GS 칼텍스
219,2019.03.17,한국도로공사,3:2,106,96,2h 23m,win,15,GS 칼텍스
221,2019.03.19,한국도로공사,2:3,91,105,2h 09m,lose,15,GS 칼텍스
26,2018.10.31,KGC인삼공사,1:3,71,98,1h 40m,lose,15,GS 칼텍스
65,2018.11.25,KGC인삼공사,3:1,96,84,1h 50m,win,15,GS 칼텍스
96,2018.12.16,KGC인삼공사,3:0,75,60,1h 20m,win,15,GS 칼텍스
132,2019.01.09,KGC인삼공사,3:0,76,68,1h 24m,win,15,GS 칼텍스
171,2019.02.09,KGC인삼공사,3:1,98,85,1h 51m,win,15,GS 칼텍스
188,2019.02.20,KGC인삼공사,3:1,96,81,1h 57m,win,15,GS 칼텍스
16,2018.10.26,흥국생명,3:0,79,70,1h 33m,win,15,GS 칼텍스
45,2018.11.11,흥국생명,3:2,109,112,2h 15m,win,15,GS 칼텍스
74,2018.12.01,흥국생명,0:3,58,76,1h 26m,lose,15,GS 칼텍스
121,2019.01.02,흥국생명,3:0,75,48,1h 14m,win,15,GS 칼텍스
177,2019.02.13,흥국생명,0:3,61,78,1h 25m,lose,15,GS 칼텍스
192,2019.02.23,흥국생명,0:3,66,76,1h 33m,lose,15,GS 칼텍스
32,2018.11.03,IBK기업은행,3:2,111,101,2h 17m,win,15,GS 칼텍스
59,2018.11.21,IBK기업은행,2:3,103,106,2h 24m,lose,15,GS 칼텍스
80,2018.12.05,IBK기업은행,0:3,53,75,1h 17m,lose,15,GS 칼텍스
142,2019.01.16,IBK기업은행,3:2,101,93,2h 12m,win,15,GS 칼텍스
149,2019.01.26,IBK기업은행,1:3,80,95,1h 58m,lose,15,GS 칼텍스
182,2019.02.16,IBK기업은행,3:2,109,110,2h 31m,win,15,GS 칼텍스
시즌 상대전적이 없습니다.,시즌 상대전적이 없습니다.,시즌 상대전적이 없습니다.,시즌 상대전적이 없습니다.,시즌 상대전적이 없습니다.,시즌 상대전적이 없습니다.,시즌 상대전적이 없습니다.,시즌 상대전적이 없습니다.,15,GS 칼텍스
9,2018.10.22,한국도로공사,2:3,110,108,2h 28m,lose,15,IBK 기업은행
53,2018.11.17,한국도로공사,3:2,105,98,2h 18m,win,15,IBK 기업은행
99,2018.12.19,한국도로공사,1:3,79,97,1h 59m,lose,15,IBK 기업은행
109,2018.12.25,한국도로공사,3:0,75,54,1h 27m,win,15,IBK 기업은행
173,2019.02.10,한국도로공사,0:3,64,78,1h 36m,lose,15,IBK 기업은행
215,2019.03.10,한국도로공사,3:1,94,83,1h 53m,win,15,IBK 기업은행
35,2018.11.05,KGC인삼공사,0:3,58,75,1h 17m,lose,15,IBK 기업은행
49,2018.11.14,KGC인삼공사,3:1,97,85,1h 54m,win,15,IBK 기업은행
90,2018.12.12,KGC인삼공사,3:0,75,51,1h 28m,win,15,IBK 기업은행
120,2019.01.01,KGC인삼공사,3:0,75,62,1h 28m,win,15,IBK 기업은행
155,2019.01.30,KGC인삼공사,3:0,75,55,1h 23m,win,15,IBK 기업은행
209,2019.03.06,KGC인삼공사,0:3,68,76,1h 29m,lose,15,IBK 기업은행
27,2018.11.01,흥국생명,3:0,82,67,1h 33m,win,15,IBK 기업은행
69,2018.11.28,흥국생명,1:3,91,98,1h 56m,lose,15,IBK 기업은행
84,2018.12.08,흥국생명,3:2,97,92,2h 06m,win,15,IBK 기업은행
128,2019.01.06,흥국생명,0:3,62,76,1h 36m,lose,15,IBK 기업은행
163,2019.02.04,흥국생명,2:3,94,105,2h 14m,lose,15,IBK 기업은행
198,2019.02.27,흥국생명,2:3,93,110,2h 22m,lose,15,IBK 기업은행
32,2018.11.03,GS 칼텍스,2:3,101,111,2h 17m,lose,15,IBK 기업은행
59,2018.11.21,GS 칼텍스,3:2,106,103,2h 24m,win,15,IBK 기업은행
80,2018.12.05,GS 칼텍스,3:0,75,53,1h 17m,win,15,IBK 기업은행
142,2019.01.16,GS 칼텍스,2:3,93,101,2h 12m,lose,15,IBK 기업은행
149,2019.01.26,GS 칼텍스,3:1,95,80,1h 58m,win,15,IBK 기업은행
182,2019.02.16,GS 칼텍스,2:3,110,109,2h 31m,lose,15,IBK 기업은행
시즌 상대전적이 없습니다.,시즌 상대전적이 없습니다.,시즌 상대전적이 없습니다.,시즌 상대전적이 없습니다.,시즌 상대전적이 없습니다.,시즌 상대전적이 없습니다.,시즌 상대전적이 없습니다.,시즌 상대전적이 없습니다.,15,IBK 기업은행
시즌 상대전적이 없습니다.,시즌 상대전적이 없습니다.,시즌 상대전적이 없습니다.,시즌 상대전적이 없습니다.,시즌 상대전적이 없습니다.,시즌 상대전적이 없습니다.,시즌 상대전적이 없습니다.,시즌 상대전적이 없습니다.,15,페퍼저축은행
시즌 상대전적이 없습니다.,시즌 상대전적이 없습니다.,시즌 상대전적이 없습니다.,시즌 상대전적이 없습니다.,시즌 상대전적이 없습니다.,시즌 상대전적이 없습니다.,시즌 상대전적이 없습니다.,시즌 상대전적이 없습니다.,15,페퍼저축은행
시즌 상대전적이 없습니다.,시즌 상대전적이 없습니다.,시즌 상대전적이 없습니다.,시즌 상대전적이 없습니다.,시즌 상대전적이 없습니다.,시즌 상대전적이 없습니다.,시즌 상대전적이 없습니다.,시즌 상대전적이 없습니다.,15,페퍼저축은행
시즌 상대전적이 없습니다.,시즌 상대전적이 없습니다.,시즌 상대전적이 없습니다.,시즌 상대전적이 없습니다.,시즌 상대전적이 없습니다.,시즌 상대전적이 없습니다.,시즌 상대전적이 없습니다.,시즌 상대전적이 없습니다.,15,페퍼저축은행
시즌 상대전적이 없습니다.,시즌 상대전적이 없습니다.,시즌 상대전적이 없습니다.,시즌 상대전적이 없습니다.,시즌 상대전적이 없습니다.,시즌 상대전적이 없습니다.,시즌 상대전적이 없습니다.,시즌 상대전적이 없습니다.,15,페퍼저축은행
34,2019.11.05,KGC인삼공사,2:3,104,105,2h 19m,lose,16,한국도로공사
45,2019.11.12,KGC인삼공사,2:3,89,110,2h 22m,lose,16,한국도로공사
101,2019.12.18,KGC인삼공사,1:3,88,100,2h 02m,lose,16,한국도로공사
118,2020.01.15,KGC인삼공사,1:3,83,98,1h 59m,lose,16,한국도로공사
154,2020.02.06,KGC인삼공사,1:3,77,100,1h 53m,lose,16,한국도로공사
8,2019.10.19,흥국생명,1:3,80,99,1h 48m,lose,16,한국도로공사
67,2019.11.26,흥국생명,3:1,95,89,2h 07m,win,16,한국도로공사
93,2019.12.12,흥국생명,1:3,87,101,2h 09m,lose,16,한국도로공사
123,2020.01.18,흥국생명,3:2,111,97,2h 10m,win,16,한국도로공사
170,2020.02.16,흥국생명,2:3,99,107,2h 17m,lose,16,한국도로공사
21,2019.10.27,GS 칼텍스,1:3,76,96,1h 57m,lose,16,한국도로공사
58,2019.11.20,GS 칼텍스,0:3,60,75,1h 27m,lose,16,한국도로공사
80,2019.12.04,GS 칼텍스,3:1,103,97,2h 12m,win,16,한국도로공사
134,2020.01.25,GS 칼텍스,2:3,106,104,2h 18m,lose,16,한국도로공사
174,2020.02.19,GS 칼텍스,0:3,57,75,1h 23m,lose,16,한국도로공사
187,2020.02.27,GS 칼텍스,1:3,75,100,1h 51m,lose,16,한국도로공사
16,2019.10.24,IBK기업은행,3:0,75,61,1h 25m,win,16,한국도로공사
63,2019.11.23,IBK기업은행,3:1,99,74,1h 56m,win,16,한국도로공사
85,2019.12.07,IBK기업은행,3:2,118,111,2h 35m,win,16,한국도로공사
129,2020.01.22,IBK기업은행,3:2,113,91,2h 15m,win,16,한국도로공사
179,2020.02.22,IBK기업은행,0:3,60,75,1h 24m,lose,16,한국도로공사
시즌 상대전적이 없습니다.,시즌 상대전적이 없습니다.,시즌 상대전적이 없습니다.,시즌 상대전적이 없습니다.,시즌 상대전적이 없습니다.,시즌 상대전적이 없습니다.,시즌 상대전적이 없습니다.,시즌 상대전적이 없습니다.,16,한국도로공사
34,2019.11.05,한국도로공사,3:2,105,104,2h 19m,win,16,KGC인삼공사
45,2019.11.12,한국도로공사,3:2,110,89,2h 22m,win,16,KGC인삼공사
101,2019.12.18,한국도로공사,3:1,100,88,2h 02m,win,16,KGC인삼공사
118,2020.01.15,한국도로공사,3:1,98,83,1h 59m,win,16,KGC인삼공사
154,2020.02.06,한국도로공사,3:1,100,77,1h 53m,win,16,KGC인삼공사
23,2019.10.29,흥국생명,3:2,105,101,2h 25m,win,16,KGC인삼공사
60,2019.11.21,흥국생명,1:3,78,100,1h 55m,lose,16,KGC인삼공사
74,2019.11.30,흥국생명,2:3,105,106,2h 15m,lose,16,KGC인삼공사
146,2020.02.01,흥국생명,3:2,108,105,2h 17m,win,16,KGC인삼공사
176,2020.02.20,흥국생명,1:3,96,101,2h 04m,lose,16,KGC인삼공사
30,2019.11.02,GS 칼텍스,1:3,85,99,2h 04m,lose,16,KGC인삼공사
65,2019.11.24,GS 칼텍스,3:2,111,108,2h 26m,win,16,KGC인삼공사
91,2019.12.11,GS 칼텍스,0:3,61,75,1h 25m,lose,16,KGC인삼공사
141,2020.01.29,GS 칼텍스,0:3,62,79,1h 25m,lose,16,KGC인삼공사
159,2020.02.09,GS 칼텍스,3:2,116,110,2h 30m,win,16,KGC인삼공사
10,2019.10.20,IBK기업은행,2:3,89,101,2h 03m,lose,16,KGC인삼공사
69,2019.11.27,IBK기업은행,3:2,108,106,2h 23m,win,16,KGC인삼공사
78,2019.12.03,IBK기업은행,2:3,95,111,2h 19m,lose,16,KGC인삼공사
136,2020.01.26,IBK기업은행,2:3,101,106,2h 15m,lose,16,KGC인삼공사
163,2020.02.12,IBK기업은행,3:0,75,67,1h 31m,win,16,KGC인삼공사
183,2020.02.25,IBK기업은행,3:2,101,104,2h 16m,win,16,KGC인삼공사
시즌 상대전적이 없습니다.,시즌 상대전적이 없습니다.,시즌 상대전적이 없습니다.,시즌 상대전적이 없습니다.,시즌 상대전적이 없습니다.,시즌 상대전적이 없습니다.,시즌 상대전적이 없습니다.,시즌 상대전적이 없습니다.,16,KGC인삼공사
8,2019.10.19,한국도로공사,3:1,99,80,1h 48m,win,16,흥국생명
67,2019.11.26,한국도로공사,1:3,89,95,2h 07m,lose,16,흥국생명
93,2019.12.12,한국도로공사,3:1,101,87,2h 09m,win,16,흥국생명
123,2020.01.18,한국도로공사,2:3,97,111,2h 10m,lose,16,흥국생명
170,2020.02.16,한국도로공사,3:2,107,99,2h 17m,win,16,흥국생명
23,2019.10.29,KGC인삼공사,2:3,101,105,2h 25m,lose,16,흥국생명
60,2019.11.21,KGC인삼공사,3:1,100,78,1h 55m,win,16,흥국생명
74,2019.11.30,KGC인삼공사,3:2,106,105,2h 15m,win,16,흥국생명
146,2020.02.01,KGC인삼공사,2:3,105,108,2h 17m,lose,16,흥국생명
176,2020.02.20,KGC인삼공사,3:1,101,96,2h 04m,win,16,흥국생명
12,2019.10.22,GS 칼텍스,0:3,69,77,1h 33m,lose,16,흥국생명
54,2019.11.17,GS 칼텍스,2:3,103,106,2h 08m,lose,16,흥국생명
87,2019.12.08,GS 칼텍스,3:0,75,59,1h 26m,win,16,흥국생명
127,2020.01.21,GS 칼텍스,1:3,84,96,1h 49m,lose,16,흥국생명
165,2020.02.13,GS 칼텍스,1:3,74,97,1h 46m,lose,16,흥국생명
38,2019.11.07,IBK기업은행,3:1,98,71,1h 51m,win,16,흥국생명
43,2019.11.10,IBK기업은행,3:0,75,50,1h 15m,win,16,흥국생명
99,2019.12.17,IBK기업은행,3:0,75,62,1h 24m,win,16,흥국생명
116,2020.01.14,IBK기업은행,3:0,75,53,1h 19m,win,16,흥국생명
157,2020.02.08,IBK기업은행,1:3,90,101,2h 04m,lose,16,흥국생명
190,2020.02.29,IBK기업은행,3:0,75,57,1h 20m,win,16,흥국생명
시즌 상대전적이 없습니다.,시즌 상대전적이 없습니다.,시즌 상대전적이 없습니다.,시즌 상대전적이 없습니다.,시즌 상대전적이 없습니다.,시즌 상대전적이 없습니다.,시즌 상대전적이 없습니다.,시즌 상대전적이 없습니다.,16,흥국생명
21,2019.10.27,한국도로공사,3:1,96,76,1h 57m,win,16,GS 칼텍스
58,2019.11.20,한국도로공사,3:0,75,60,1h 27m,win,16,GS 칼텍스
80,2019.12.04,한국도로공사,1:3,97,103,2h 12m,lose,16,GS 칼텍스
134,2020.01.25,한국도로공사,3:2,104,106,2h 18m,win,16,GS 칼텍스
174,2020.02.19,한국도로공사,3:0,75,57,1h 23m,win,16,GS 칼텍스
187,2020.02.27,한국도로공사,3:1,100,75,1h 51m,win,16,GS 칼텍스
30,2019.11.02,KGC인삼공사,3:1,99,85,2h 04m,win,16,GS 칼텍스
65,2019.11.24,KGC인삼공사,2:3,108,111,2h 26m,lose,16,GS 칼텍스
91,2019.12.11,KGC인삼공사,3:0,75,61,1h 25m,win,16,GS 칼텍스
141,2020.01.29,KGC인삼공사,3:0,79,62,1h 25m,win,16,GS 칼텍스
159,2020.02.09,KGC인삼공사,2:3,110,116,2h 30m,lose,16,GS 칼텍스
12,2019.10.22,흥국생명,3:0,77,69,1h 33m,win,16,GS 칼텍스
54,2019.11.17,흥국생명,3:2,106,103,2h 08m,win,16,GS 칼텍스
87,2019.12.08,흥국생명,0:3,59,75,1h 26m,lose,16,GS 칼텍스
127,2020.01.21,흥국생명,3:1,96,84,1h 49m,win,16,GS 칼텍스
165,2020.02.13,흥국생명,3:1,97,74,1h 46m,win,16,GS 칼텍스
25,2019.10.30,IBK기업은행,3:0,75,53,1h 14m,win,16,GS 칼텍스
49,2019.11.14,IBK기업은행,2:3,100,99,2h 09m,lose,16,GS 칼텍스
96,2019.12.14,IBK기업은행,1:3,88,100,2h 08m,lose,16,GS 칼텍스
148,2020.02.02,IBK기업은행,3:0,75,53,1h 23m,win,16,GS 칼텍스
152,2020.02.05,IBK기업은행,3:1,96,83,1h 55m,win,16,GS 칼텍스
시즌 상대전적이 없습니다.,시즌 상대전적이 없습니다.,시즌 상대전적이 없습니다.,시즌 상대전적이 없습니다.,시즌 상대전적이 없습니다.,시즌 상대전적이 없습니다.,시즌 상대전적이 없습니다.,시즌 상대전적이 없습니다.,16,GS 칼텍스
16,2019.10.24,한국도로공사,0:3,61,75,1h 25m,lose,16,IBK 기업은행
63,2019.11.23,한국도로공사,1:3,74,99,1h 56m,lose,16,IBK 기업은행
85,2019.12.07,한국도로공사,2:3,111,118,2h 35m,lose,16,IBK 기업은행
129,2020.01.22,한국도로공사,2:3,91,113,2h 15m,lose,16,IBK 기업은행
179,2020.02.22,한국도로공사,3:0,75,60,1h 24m,win,16,IBK 기업은행
10,2019.10.20,KGC인삼공사,3:2,101,89,2h 03m,win,16,IBK 기업은행
69,2019.11.27,KGC인삼공사,2:3,106,108,2h 23m,lose,16,IBK 기업은행
78,2019.12.03,KGC인삼공사,3:2,111,95,2h 19m,win,16,IBK 기업은행
136,2020.01.26,KGC인삼공사,3:2,106,101,2h 15m,win,16,IBK 기업은행
163,2020.02.12,KGC인삼공사,0:3,67,75,1h 31m,lose,16,IBK 기업은행
183,2020.02.25,KGC인삼공사,2:3,104,101,2h 16m,lose,16,IBK 기업은행
38,2019.11.07,흥국생명,1:3,71,98,1h 51m,lose,16,IBK 기업은행
43,2019.11.10,흥국생명,0:3,50,75,1h 15m,lose,16,IBK 기업은행
99,2019.12.17,흥국생명,0:3,62,75,1h 24m,lose,16,IBK 기업은행
116,2020.01.14,흥국생명,0:3,53,75,1h 19m,lose,16,IBK 기업은행
157,2020.02.08,흥국생명,3:1,101,90,2h 04m,win,16,IBK 기업은행
190,2020.02.29,흥국생명,0:3,57,75,1h 20m,lose,16,IBK 기업은행
25,2019.10.30,GS 칼텍스,0:3,53,75,1h 14m,lose,16,IBK 기업은행
49,2019.11.14,GS 칼텍스,3:2,99,100,2h 09m,win,16,IBK 기업은행
96,2019.12.14,GS 칼텍스,3:1,100,88,2h 08m,win,16,IBK 기업은행
148,2020.02.02,GS 칼텍스,0:3,53,75,1h 23m,lose,16,IBK 기업은행
152,2020.02.05,GS 칼텍스,1:3,83,96,1h 55m,lose,16,IBK 기업은행
시즌 상대전적이 없습니다.,시즌 상대전적이 없습니다.,시즌 상대전적이 없습니다.,시즌 상대전적이 없습니다.,시즌 상대전적이 없습니다.,시즌 상대전적이 없습니다.,시즌 상대전적이 없습니다.,시즌 상대전적이 없습니다.,16,IBK 기업은행
시즌 상대전적이 없습니다.,시즌 상대전적이 없습니다.,시즌 상대전적이 없습니다.,시즌 상대전적이 없습니다.,시즌 상대전적이 없습니다.,시즌 상대전적이 없습니다.,시즌 상대전적이 없습니다.,시즌 상대전적이 없습니다.,16,페퍼저축은행
시즌 상대전적이 없습니다.,시즌 상대전적이 없습니다.,시즌 상대전적이 없습니다.,시즌 상대전적이 없습니다.,시즌 상대전적이 없습니다.,시즌 상대전적이 없습니다.,시즌 상대전적이 없습니다.,시즌 상대전적이 없습니다.,16,페퍼저축은행
시즌 상대전적이 없습니다.,시즌 상대전적이 없습니다.,시즌 상대전적이 없습니다.,시즌 상대전적이 없습니다.,시즌 상대전적이 없습니다.,시즌 상대전적이 없습니다.,시즌 상대전적이 없습니다.,시즌 상대전적이 없습니다.,16,페퍼저축은행
시즌 상대전적이 없습니다.,시즌 상대전적이 없습니다.,시즌 상대전적이 없습니다.,시즌 상대전적이 없습니다.,시즌 상대전적이 없습니다.,시즌 상대전적이 없습니다.,시즌 상대전적이 없습니다.,시즌 상대전적이 없습니다.,16,페퍼저축은행
시즌 상대전적이 없습니다.,시즌 상대전적이 없습니다.,시즌 상대전적이 없습니다.,시즌 상대전적이 없습니다.,시즌 상대전적이 없습니다.,시즌 상대전적이 없습니다.,시즌 상대전적이 없습니다.,시즌 상대전적이 없습니다.,16,페퍼저축은행
17,2020.10.28,KGC인삼공사,3:0,75,60,1h 24m,win,17,한국도로공사
51,2020.11.20,KGC인삼공사,0:3,66,78,1h 36m,lose,17,한국도로공사
96,2020.12.20,KGC인삼공사,2:3,96,98,1h 59m,lose,17,한국도로공사
115,2021.01.05,KGC인삼공사,3:1,96,76,1h 54m,win,17,한국도로공사
151,2021.01.30,KGC인삼공사,2:3,100,107,2h 19m,lose,17,한국도로공사
188,2021.03.03,KGC인삼공사,1:3,90,91,1h 56m,lose,17,한국도로공사
22,2020.10.31,흥국생명,2:3,107,101,2h 19m,lose,17,한국도로공사
45,2020.11.15,흥국생명,1:3,87,90,1h 53m,lose,17,한국도로공사
86,2020.12.13,흥국생명,3:0,78,70,1h 27m,win,17,한국도로공사
127,2021.01.13,흥국생명,2:3,106,114,2h 24m,lose,17,한국도로공사
168,2021.02.11,흥국생명,3:0,75,42,1h 08m,win,17,한국도로공사
190,2021.03.06,흥국생명,1:3,86,97,1h 55m,lose,17,한국도로공사
30,2020.11.06,GS 칼텍스,0:3,55,75,1h 19m,lose,17,한국도로공사
63,2020.11.28,GS 칼텍스,1:3,78,98,1h 50m,lose,17,한국도로공사
106,2020.12.27,GS 칼텍스,2:3,106,110,2h 27m,lose,17,한국도로공사
123,2021.01.10,GS 칼텍스,0:3,69,76,1h 35m,lose,17,한국도로공사
176,2021.02.17,GS 칼텍스,0:3,55,76,1h 20m,lose,17,한국도로공사
183,2021.02.21,GS 칼텍스,2:3,102,100,2h 15m,lose,17,한국도로공사
36,2020.11.10,IBK기업은행,1:3,84,97,1h 58m,lose,17,한국도로공사
67,2020.12.01,IBK기업은행,3:2,107,108,2h 15m,win,17,한국도로공사
99,2020.12.23,IBK기업은행,2:3,104,94,2h 11m,lose,17,한국도로공사
142,2021.01.23,IBK기업은행,3:0,75,53,1h 25m,win,17,한국도로공사
163,2021.02.07,IBK기업은행,3:2,110,98,2h 12m,win,17,한국도로공사
186,2021.02.27,IBK기업은행,3:2,108,104,2h 12m,win,17,한국도로공사
시즌 상대전적이 없습니다.,시즌 상대전적이 없습니다.,시즌 상대전적이 없습니다.,시즌 상대전적이 없습니다.,시즌 상대전적이 없습니다.,시즌 상대전적이 없습니다.,시즌 상대전적이 없습니다.,시즌 상대전적이 없습니다.,17,한국도로공사
17,2020.10.28,한국도로공사,0:3,60,75,1h 24m,lose,17,KGC인삼공사
51,2020.11.20,한국도로공사,3:0,78,66,1h 36m,win,17,KGC인삼공사
96,2020.12.20,한국도로공사,3:2,98,96,1h 59m,win,17,KGC인삼공사
115,2021.01.05,한국도로공사,1:3,76,96,1h 54m,lose,17,KGC인삼공사
151,2021.01.30,한국도로공사,3:2,107,100,2h 19m,win,17,KGC인삼공사
188,2021.03.03,한국도로공사,3:1,91,90,1h 56m,win,17,KGC인삼공사
12,2020.10.24,흥국생명,1:3,94,101,1h 55m,lose,17,KGC인삼공사
69,2020.12.02,흥국생명,1:3,81,93,1h 38m,lose,17,KGC인삼공사
102,2020.12.25,흥국생명,2:3,102,110,2h 11m,lose,17,KGC인삼공사
137,2021.01.20,흥국생명,0:3,71,79,1h 32m,lose,17,KGC인삼공사
179,2021.02.19,흥국생명,1:3,82,97,1h 51m,lose,17,KGC인삼공사
196,2021.03.13,흥국생명,3:0,75,49,1h 13m,win,17,KGC인삼공사
24,2020.11.01,GS 칼텍스,3:1,93,85,1h 52m,win,17,KGC인삼공사
57,2020.11.24,GS 칼텍스,2:3,95,109,2h 07m,lose,17,KGC인삼공사
89,2020.12.16,GS 칼텍스,1:3,92,93,2h 01m,lose,17,KGC인삼공사
130,2021.01.15,GS 칼텍스,1:3,75,98,1h 50m,lose,17,KGC인삼공사
172,2021.02.14,GS 칼텍스,0:3,71,80,1h 35m,lose,17,KGC인삼공사
200,2021.03.16,GS 칼텍스,3:1,96,86,1h 47m,win,17,KGC인삼공사
4,2020.10.18,IBK기업은행,1:3,87,97,2h 05m,lose,17,KGC인삼공사
41,2020.11.13,IBK기업은행,2:3,91,108,2h 06m,lose,17,KGC인삼공사
76,2020.12.06,IBK기업은행,3:0,77,65,1h 27m,win,17,KGC인삼공사
121,2021.01.09,IBK기업은행,3:0,75,61,1h 20m,win,17,KGC인삼공사
156,2021.02.03,IBK기업은행,0:3,56,75,1h 22m,lose,17,KGC인삼공사
191,2021.03.07,IBK기업은행,2:3,107,112,2h 23m,lose,17,KGC인삼공사
시즌 상대전적이 없습니다.,시즌 상대전적이 없습니다.,시즌 상대전적이 없습니다.,시즌 상대전적이 없습니다.,시즌 상대전적이 없습니다.,시즌 상대전적이 없습니다.,시즌 상대전적이 없습니다.,시즌 상대전적이 없습니다.,17,KGC인삼공사
22,2020.10.31,한국도로공사,3:2,101,107,2h 19m,win,17,흥국생명
45,2020.11.15,한국도로공사,3:1,90,87,1h 53m,win,17,흥국생명
86,2020.12.13,한국도로공사,0:3,70,78,1h 27m,lose,17,흥국생명
127,2021.01.13,한국도로공사,3:2,114,106,2h 24m,win,17,흥국생명
168,2021.02.11,한국도로공사,0:3,42,75,1h 08m,lose,17,흥국생명
190,2021.03.06,한국도로공사,3:1,97,86,1h 55m,win,17,흥국생명
12,2020.10.24,KGC인삼공사,3:1,101,94,1h 55m,win,17,흥국생명
69,2020.12.02,KGC인삼공사,3:1,93,81,1h 38m,win,17,흥국생명
102,2020.12.25,KGC인삼공사,3:2,110,102,2h 11m,win,17,흥국생명
137,2021.01.20,KGC인삼공사,3:0,79,71,1h 32m,win,17,흥국생명
179,2021.02.19,KGC인삼공사,3:1,97,82,1h 51m,win,17,흥국생명
196,2021.03.13,KGC인삼공사,0:3,49,75,1h 13m,lose,17,흥국생명
7,2020.10.21,GS 칼텍스,3:1,110,100,2h 13m,win,17,흥국생명
38,2020.11.11,GS 칼텍스,3:2,113,106,2h 20m,win,17,흥국생명
74,2020.12.05,GS 칼텍스,2:3,97,105,2h 10m,lose,17,흥국생명
144,2021.01.26,GS 칼텍스,3:1,98,88,1h 55m,win,17,흥국생명
159,2021.02.05,GS 칼텍스,0:3,49,75,1h 17m,lose,17,흥국생명
187,2021.02.28,GS 칼텍스,1:3,80,97,1h 51m,lose,17,흥국생명
224,2021.03.26,GS 칼텍스,0:3,49,75,1h 17m,lose,17,흥국생명
226,2021.03.28,GS 칼텍스,0:3,57,75,1h 20m,lose,17,흥국생명
228,2021.03.30,GS 칼텍스,2:3,102,101,2h 12m,lose,17,흥국생명
32,2020.11.07,IBK기업은행,3:0,75,57,1h 23m,win,17,흥국생명
61,2020.11.27,IBK기업은행,3:0,75,52,1h 18m,win,17,흥국생명
92,2020.12.18,IBK기업은행,3:0,75,60,1h 17m,win,17,흥국생명
134,2021.01.17,IBK기업은행,3:0,75,53,1h 17m,win,17,흥국생명
174,2021.02.16,IBK기업은행,0:3,41,75,1h 11m,lose,17,흥국생명
184,2021.02.24,IBK기업은행,0:3,68,75,1h 24m,lose,17,흥국생명
218,2021.03.20,IBK기업은행,3:1,98,84,1h 52m,win,17,흥국생명
220,2021.03.22,IBK기업은행,1:3,70,97,1h 42m,lose,17,흥국생명
222,2021.03.24,IBK기업은행,3:0,75,44,1h 12m,win,17,흥국생명
시즌 상대전적이 없습니다.,시즌 상대전적이 없습니다.,시즌 상대전적이 없습니다.,시즌 상대전적이 없습니다.,시즌 상대전적이 없습니다.,시즌 상대전적이 없습니다.,시즌 상대전적이 없습니다.,시즌 상대전적이 없습니다.,17,흥국생명
30,2020.11.06,한국도로공사,3:0,75,55,1h 19m,win,17,GS 칼텍스
63,2020.11.28,한국도로공사,3:1,98,78,1h 50m,win,17,GS 칼텍스
106,2020.12.27,한국도로공사,3:2,110,106,2h 27m,win,17,GS 칼텍스
123,2021.01.10,한국도로공사,3:0,76,69,1h 35m,win,17,GS 칼텍스
176,2021.02.17,한국도로공사,3:0,76,55,1h 20m,win,17,GS 칼텍스
183,2021.02.21,한국도로공사,3:2,100,102,2h 15m,win,17,GS 칼텍스
24,2020.11.01,KGC인삼공사,1:3,85,93,1h 52m,lose,17,GS 칼텍스
57,2020.11.24,KGC인삼공사,3:2,109,95,2h 07m,win,17,GS 칼텍스
89,2020.12.16,KGC인삼공사,3:1,93,92,2h 01m,win,17,GS 칼텍스
130,2021.01.15,KGC인삼공사,3:1,98,75,1h 50m,win,17,GS 칼텍스
172,2021.02.14,KGC인삼공사,3:0,80,71,1h 35m,win,17,GS 칼텍스
200,2021.03.16,KGC인삼공사,1:3,86,96,1h 47m,lose,17,GS 칼텍스
7,2020.10.21,흥국생명,1:3,100,110,2h 13m,lose,17,GS 칼텍스
38,2020.11.11,흥국생명,2:3,106,113,2h 20m,lose,17,GS 칼텍스
74,2020.12.05,흥국생명,3:2,105,97,2h 10m,win,17,GS 칼텍스
144,2021.01.26,흥국생명,1:3,88,98,1h 55m,lose,17,GS 칼텍스
159,2021.02.05,흥국생명,3:0,75,49,1h 17m,win,17,GS 칼텍스
187,2021.02.28,흥국생명,3:1,97,80,1h 51m,win,17,GS 칼텍스
224,2021.03.26,흥국생명,3:0,75,49,1h 17m,win,17,GS 칼텍스
226,2021.03.28,흥국생명,3:0,75,57,1h 20m,win,17,GS 칼텍스
228,2021.03.30,흥국생명,3:2,101,102,2h 12m,win,17,GS 칼텍스
14,2020.10.25,IBK기업은행,3:2,101,95,2h 01m,win,17,GS 칼텍스
53,2020.11.21,IBK기업은행,3:0,79,66,1h 31m,win,17,GS 칼텍스
82,2020.12.11,IBK기업은행,1:3,93,101,2h 06m,lose,17,GS 칼텍스
110,2020.12.30,IBK기업은행,3:1,98,70,1h 47m,win,17,GS 칼텍스
149,2021.01.29,IBK기업은행,2:3,97,108,2h 14m,lose,17,GS 칼텍스
194,2021.03.12,IBK기업은행,3:0,75,42,1h 10m,win,17,GS 칼텍스
시즌 상대전적이 없습니다.,시즌 상대전적이 없습니다.,시즌 상대전적이 없습니다.,시즌 상대전적이 없습니다.,시즌 상대전적이 없습니다.,시즌 상대전적이 없습니다.,시즌 상대전적이 없습니다.,시즌 상대전적이 없습니다.,17,GS 칼텍스
36,2020.11.10,한국도로공사,3:1,97,84,1h 58m,win,17,IBK 기업은행
67,2020.12.01,한국도로공사,2:3,108,107,2h 15m,lose,17,IBK 기업은행
99,2020.12.23,한국도로공사,3:2,94,104,2h 11m,win,17,IBK 기업은행
142,2021.01.23,한국도로공사,0:3,53,75,1h 25m,lose,17,IBK 기업은행
163,2021.02.07,한국도로공사,2:3,98,110,2h 12m,lose,17,IBK 기업은행
186,2021.02.27,한국도로공사,2:3,104,108,2h 12m,lose,17,IBK 기업은행
4,2020.10.18,KGC인삼공사,3:1,97,87,2h 05m,win,17,IBK 기업은행
41,2020.11.13,KGC인삼공사,3:2,108,91,2h 06m,win,17,IBK 기업은행
76,2020.12.06,KGC인삼공사,0:3,65,77,1h 27m,lose,17,IBK 기업은행
121,2021.01.09,KGC인삼공사,0:3,61,75,1h 20m,lose,17,IBK 기업은행
156,2021.02.03,KGC인삼공사,3:0,75,56,1h 22m,win,17,IBK 기업은행
191,2021.03.07,KGC인삼공사,3:2,112,107,2h 23m,win,17,IBK 기업은행
32,2020.11.07,흥국생명,0:3,57,75,1h 23m,lose,17,IBK 기업은행
61,2020.11.27,흥국생명,0:3,52,75,1h 18m,lose,17,IBK 기업은행
92,2020.12.18,흥국생명,0:3,60,75,1h 17m,lose,17,IBK 기업은행
134,2021.01.17,흥국생명,0:3,53,75,1h 17m,lose,17,IBK 기업은행
174,2021.02.16,흥국생명,3:0,75,41,1h 11m,win,17,IBK 기업은행
184,2021.02.24,흥국생명,3:0,75,68,1h 24m,win,17,IBK 기업은행
218,2021.03.20,흥국생명,1:3,84,98,1h 52m,lose,17,IBK 기업은행
220,2021.03.22,흥국생명,3:1,97,70,1h 42m,win,17,IBK 기업은행
222,2021.03.24,흥국생명,0:3,44,75,1h 12m,lose,17,IBK 기업은행
14,2020.10.25,GS 칼텍스,2:3,95,101,2h 01m,lose,17,IBK 기업은행
53,2020.11.21,GS 칼텍스,0:3,66,79,1h 31m,lose,17,IBK 기업은행
82,2020.12.11,GS 칼텍스,3:1,101,93,2h 06m,win,17,IBK 기업은행
110,2020.12.30,GS 칼텍스,1:3,70,98,1h 47m,lose,17,IBK 기업은행
149,2021.01.29,GS 칼텍스,3:2,108,97,2h 14m,win,17,IBK 기업은행
194,2021.03.12,GS 칼텍스,0:3,42,75,1h 10m,lose,17,IBK 기업은행
시즌 상대전적이 없습니다.,시즌 상대전적이 없습니다.,시즌 상대전적이 없습니다.,시즌 상대전적이 없습니다.,시즌 상대전적이 없습니다.,시즌 상대전적이 없습니다.,시즌 상대전적이 없습니다.,시즌 상대전적이 없습니다.,17,IBK 기업은행
시즌 상대전적이 없습니다.,시즌 상대전적이 없습니다.,시즌 상대전적이 없습니다.,시즌 상대전적이 없습니다.,시즌 상대전적이 없습니다.,시즌 상대전적이 없습니다.,시즌 상대전적이 없습니다.,시즌 상대전적이 없습니다.,17,페퍼저축은행
시즌 상대전적이 없습니다.,시즌 상대전적이 없습니다.,시즌 상대전적이 없습니다.,시즌 상대전적이 없습니다.,시즌 상대전적이 없습니다.,시즌 상대전적이 없습니다.,시즌 상대전적이 없습니다.,시즌 상대전적이 없습니다.,17,페퍼저축은행
시즌 상대전적이 없습니다.,시즌 상대전적이 없습니다.,시즌 상대전적이 없습니다.,시즌 상대전적이 없습니다.,시즌 상대전적이 없습니다.,시즌 상대전적이 없습니다.,시즌 상대전적이 없습니다.,시즌 상대전적이 없습니다.,17,페퍼저축은행
시즌 상대전적이 없습니다.,시즌 상대전적이 없습니다.,시즌 상대전적이 없습니다.,시즌 상대전적이 없습니다.,시즌 상대전적이 없습니다.,시즌 상대전적이 없습니다.,시즌 상대전적이 없습니다.,시즌 상대전적이 없습니다.,17,페퍼저축은행
시즌 상대전적이 없습니다.,시즌 상대전적이 없습니다.,시즌 상대전적이 없습니다.,시즌 상대전적이 없습니다.,시즌 상대전적이 없습니다.,시즌 상대전적이 없습니다.,시즌 상대전적이 없습니다.,시즌 상대전적이 없습니다.,17,페퍼저축은행
14,2021.10.23,KGC인삼공사,0:3,71,86,1h 42m,lose,18,한국도로공사
64,2021.11.21,KGC인삼공사,3:0,75,52,1h 24m,win,18,한국도로공사
126,2021.12.28,KGC인삼공사,3:1,98,91,2h 03m,win,18,한국도로공사
160,2022.01.16,KGC인삼공사,3:0,81,63,1h 30m,win,18,한국도로공사
198,2022.02.21,KGC인삼공사,3:1,99,94,2h 09m,win,18,한국도로공사
38,2021.11.06,흥국생명,3:1,104,86,2h 06m,win,18,한국도로공사
46,2021.11.11,흥국생명,3:1,97,83,1h 47m,win,18,한국도로공사
96,2021.12.10,흥국생명,3:1,94,80,1h 53m,win,18,한국도로공사
152,2022.01.12,흥국생명,3:1,97,76,1h 47m,win,18,한국도로공사
186,2022.02.05,흥국생명,3:1,97,76,1h 51m,win,18,한국도로공사
210,2022.03.05,흥국생명,3:0,75,61,1h 27m,win,18,한국도로공사
32,2021.11.03,GS 칼텍스,0:3,62,75,1h 30m,lose,18,한국도로공사
68,2021.11.24,GS 칼텍스,3:2,111,103,2h 26m,win,18,한국도로공사
112,2021.12.19,GS 칼텍스,3:1,96,82,1h 58m,win,18,한국도로공사
166,2022.01.20,GS 칼텍스,3:1,94,83,1h 59m,win,18,한국도로공사
172,2022.01.29,GS 칼텍스,0:3,60,75,1h 27m,lose,18,한국도로공사
18,2021.10.26,IBK기업은행,3:1,95,74,1h 54m,win,18,한국도로공사
82,2021.12.02,IBK기업은행,3:0,75,50,1h 17m,win,18,한국도로공사
118,2021.12.23,IBK기업은행,3:2,111,101,2h 21m,win,18,한국도로공사
132,2021.12.31,IBK기업은행,3:0,75,53,1h 22m,win,18,한국도로공사
180,2022.02.02,IBK기업은행,1:3,85,94,1h 57m,lose,18,한국도로공사
24,2021.10.29,페퍼저축은행,3:0,75,59,1h 23m,win,18,한국도로공사
76,2021.11.28,페퍼저축은행,3:1,96,82,1h 51m,win,18,한국도로공사
106,2021.12.16,페퍼저축은행,3:0,75,59,1h 28m,win,18,한국도로공사
140,2022.01.05,페퍼저축은행,3:0,75,49,1h 17m,win,18,한국도로공사
204,2022.02.27,페퍼저축은행,3:0,75,55,1h 25m,win,18,한국도로공사
14,2021.10.23,한국도로공사,3:0,86,71,1h 42m,win,18,KGC인삼공사
64,2021.11.21,한국도로공사,0:3,52,75,1h 24m,lose,18,KGC인삼공사
126,2021.12.28,한국도로공사,1:3,91,98,2h 03m,lose,18,KGC인삼공사
160,2022.01.16,한국도로공사,0:3,63,81,1h 30m,lose,18,KGC인삼공사
198,2022.02.21,한국도로공사,1:3,94,99,2h 09m,lose,18,KGC인삼공사
22,2021.10.28,흥국생명,3:1,90,78,1h 47m,win,18,KGC인삼공사
58,2021.11.18,흥국생명,3:0,75,57,1h 24m,win,18,KGC인삼공사
114,2021.12.21,흥국생명,0:3,47,75,1h 18m,lose,18,KGC인삼공사
144,2022.01.07,흥국생명,1:3,84,96,1h 57m,lose,18,KGC인삼공사
190,2022.02.08,흥국생명,0:3,64,75,1h 26m,lose,18,KGC인삼공사
40,2021.11.07,GS 칼텍스,3:1,104,84,2h 03m,win,18,KGC인삼공사
78,2021.11.30,GS 칼텍스,0:3,54,75,1h 22m,lose,18,KGC인삼공사
120,2021.12.24,GS 칼텍스,3:1,101,101,2h 08m,win,18,KGC인삼공사
154,2022.01.13,GS 칼텍스,1:3,91,96,1h 57m,lose,18,KGC인삼공사
205,2022.02.28,GS 칼텍스,0:3,52,78,1h 19m,lose,18,KGC인삼공사
34,2021.11.04,IBK기업은행,3:1,98,77,1h 57m,win,18,KGC인삼공사
48,2021.11.12,IBK기업은행,3:0,75,52,1h 20m,win,18,KGC인삼공사
94,2021.12.09,IBK기업은행,3:0,77,66,1h 32m,win,18,KGC인삼공사
168,2022.01.21,IBK기업은행,0:3,47,75,1h 15m,lose,18,KGC인삼공사
174,2022.01.30,IBK기업은행,2:3,100,111,2h 13m,lose,18,KGC인삼공사
226,2022.03.20,IBK기업은행,1:3,80,101,1h 53m,lose,18,KGC인삼공사
6,2021.10.19,페퍼저축은행,3:1,91,83,1h 47m,win,18,KGC인삼공사
70,2021.11.25,페퍼저축은행,3:0,75,44,1h 14m,win,18,KGC인삼공사
100,2021.12.12,페퍼저축은행,3:0,75,56,1h 25m,win,18,KGC인삼공사
134,2022.01.01,페퍼저축은행,3:0,75,48,1h 18m,win,18,KGC인삼공사
182,2022.02.03,페퍼저축은행,3:1,98,71,1h 41m,win,18,KGC인삼공사
208,2022.03.03,페퍼저축은행,3:1,100,92,2h 04m,win,18,KGC인삼공사
38,2021.11.06,한국도로공사,1:3,86,104,2h 06m,lose,18,흥국생명
46,2021.11.11,한국도로공사,1:3,83,97,1h 47m,lose,18,흥국생명
96,2021.12.10,한국도로공사,1:3,80,94,1h 53m,lose,18,흥국생명
152,2022.01.12,한국도로공사,1:3,76,97,1h 47m,lose,18,흥국생명
186,2022.02.05,한국도로공사,1:3,76,97,1h 51m,lose,18,흥국생명
210,2022.03.05,한국도로공사,0:3,61,75,1h 27m,lose,18,흥국생명
22,2021.10.28,KGC인삼공사,1:3,78,90,1h 47m,lose,18,흥국생명
58,2021.11.18,KGC인삼공사,0:3,57,75,1h 24m,lose,18,흥국생명
114,2021.12.21,KGC인삼공사,3:0,75,47,1h 18m,win,18,흥국생명
144,2022.01.07,KGC인삼공사,3:1,96,84,1h 57m,win,18,흥국생명
190,2022.02.08,KGC인삼공사,3:0,75,64,1h 26m,win,18,흥국생명
2,2021.10.16,GS 칼텍스,0:3,68,77,1h 29m,lose,18,흥국생명
52,2021.11.14,GS 칼텍스,0:3,54,75,1h 21m,lose,18,흥국생명
86,2021.12.04,GS 칼텍스,0:3,66,79,1h 29m,lose,18,흥국생명
136,2022.01.02,GS 칼텍스,1:3,85,96,1h 49m,lose,18,흥국생명
178,2022.02.01,GS 칼텍스,0:3,56,75,1h 15m,lose,18,흥국생명
228,2022.03.21,GS 칼텍스,0:3,63,75,1h 26m,lose,18,흥국생명
10,2021.10.21,IBK기업은행,3:1,97,83,2h 01m,win,18,흥국생명
66,2021.11.23,IBK기업은행,0:3,64,77,1h 33m,lose,18,흥국생명
110,2021.12.18,IBK기업은행,3:0,79,72,1h 34m,win,18,흥국생명
158,2022.01.15,IBK기업은행,2:3,107,111,2h 13m,lose,18,흥국생명
203,2022.02.26,IBK기업은행,0:3,53,75,1h 20m,lose,18,흥국생명
207,2022.03.02,IBK기업은행,3:1,96,92,1h 55m,win,18,흥국생명
30,2021.11.02,페퍼저축은행,3:1,105,101,2h 07m,win,18,흥국생명
80,2021.12.01,페퍼저축은행,3:1,99,81,1h 49m,win,18,흥국생명
122,2021.12.25,페퍼저축은행,3:1,99,87,1h 56m,win,18,흥국생명
128,2021.12.29,페퍼저축은행,3:1,99,83,1h 51m,win,18,흥국생명
195,2022.02.11,페퍼저축은행,1:3,82,93,1h 53m,lose,18,흥국생명
32,2021.11.03,한국도로공사,3:0,75,62,1h 30m,win,18,GS 칼텍스
68,2021.11.24,한국도로공사,2:3,103,111,2h 26m,lose,18,GS 칼텍스
112,2021.12.19,한국도로공사,1:3,82,96,1h 58m,lose,18,GS 칼텍스
166,2022.01.20,한국도로공사,1:3,83,94,1h 59m,lose,18,GS 칼텍스
172,2022.01.29,한국도로공사,3:0,75,60,1h 27m,win,18,GS 칼텍스
40,2021.11.07,KGC인삼공사,1:3,84,104,2h 03m,lose,18,GS 칼텍스
78,2021.11.30,KGC인삼공사,3:0,75,54,1h 22m,win,18,GS 칼텍스
120,2021.12.24,KGC인삼공사,1:3,101,101,2h 08m,lose,18,GS 칼텍스
154,2022.01.13,KGC인삼공사,3:1,96,91,1h 57m,win,18,GS 칼텍스
205,2022.02.28,KGC인삼공사,3:0,78,52,1h 19m,win,18,GS 칼텍스
2,2021.10.16,흥국생명,3:0,77,68,1h 29m,win,18,GS 칼텍스
52,2021.11.14,흥국생명,3:0,75,54,1h 21m,win,18,GS 칼텍스
86,2021.12.04,흥국생명,3:0,79,66,1h 29m,win,18,GS 칼텍스
136,2022.01.02,흥국생명,3:1,96,85,1h 49m,win,18,GS 칼텍스
178,2022.02.01,흥국생명,3:0,75,56,1h 15m,win,18,GS 칼텍스
228,2022.03.21,흥국생명,3:0,75,63,1h 26m,win,18,GS 칼텍스
26,2021.10.30,IBK기업은행,3:1,98,78,1h 49m,win,18,GS 칼텍스
74,2021.11.27,IBK기업은행,3:0,75,61,1h 24m,win,18,GS 칼텍스
104,2021.12.15,IBK기업은행,3:0,75,43,1h 12m,win,18,GS 칼텍스
142,2022.01.06,IBK기업은행,3:0,77,68,1h 26m,win,18,GS 칼텍스
193,2022.02.10,IBK기업은행,0:3,67,79,1h 22m,lose,18,GS 칼텍스
12,2021.10.22,페퍼저축은행,3:0,75,48,1h 08m,win,18,GS 칼텍스
60,2021.11.19,페퍼저축은행,3:0,75,55,1h 18m,win,18,GS 칼텍스
92,2021.12.08,페퍼저축은행,3:0,75,60,1h 26m,win,18,GS 칼텍스
148,2022.01.09,페퍼저축은행,3:0,75,53,1h 17m,win,18,GS 칼텍스
201,2022.02.24,페퍼저축은행,3:0,75,58,1h 17m,win,18,GS 칼텍스
18,2021.10.26,한국도로공사,1:3,74,95,1h 54m,lose,18,IBK 기업은행
82,2021.12.02,한국도로공사,0:3,50,75,1h 17m,lose,18,IBK 기업은행
118,2021.12.23,한국도로공사,2:3,101,111,2h 21m,lose,18,IBK 기업은행
132,2021.12.31,한국도로공사,0:3,53,75,1h 22m,lose,18,IBK 기업은행
180,2022.02.02,한국도로공사,3:1,94,85,1h 57m,win,18,IBK 기업은행
34,2021.11.04,KGC인삼공사,1:3,77,98,1h 57m,lose,18,IBK 기업은행
48,2021.11.12,KGC인삼공사,0:3,52,75,1h 20m,lose,18,IBK 기업은행
94,2021.12.09,KGC인삼공사,0:3,66,77,1h 32m,lose,18,IBK 기업은행
168,2022.01.21,KGC인삼공사,3:0,75,47,1h 15m,win,18,IBK 기업은행
174,2022.01.30,KGC인삼공사,3:2,111,100,2h 13m,win,18,IBK 기업은행
226,2022.03.20,KGC인삼공사,3:1,101,80,1h 53m,win,18,IBK 기업은행
10,2021.10.21,흥국생명,1:3,83,97,2h 01m,lose,18,IBK 기업은행
66,2021.11.23,흥국생명,3:0,77,64,1h 33m,win,18,IBK 기업은행
110,2021.12.18,흥국생명,0:3,72,79,1h 34m,lose,18,IBK 기업은행
158,2022.01.15,흥국생명,3:2,111,107,2h 13m,win,18,IBK 기업은행
203,2022.02.26,흥국생명,3:0,75,53,1h 20m,win,18,IBK 기업은행
207,2022.03.02,흥국생명,1:3,92,96,1h 55m,lose,18,IBK 기업은행
26,2021.10.30,GS 칼텍스,1:3,78,98,1h 49m,lose,18,IBK 기업은행
74,2021.11.27,GS 칼텍스,0:3,61,75,1h 24m,lose,18,IBK 기업은행
104,2021.12.15,GS 칼텍스,0:3,43,75,1h 12m,lose,18,IBK 기업은행
142,2022.01.06,GS 칼텍스,0:3,68,77,1h 26m,lose,18,IBK 기업은행
193,2022.02.10,GS 칼텍스,3:0,79,67,1h 22m,win,18,IBK 기업은행
42,2021.11.09,페퍼저축은행,1:3,90,97,1h 56m,lose,18,IBK 기업은행
54,2021.11.16,페퍼저축은행,3:2,109,96,2h 13m,win,18,IBK 기업은행
88,2021.12.05,페퍼저축은행,3:0,75,51,1h 17m,win,18,IBK 기업은행
162,2022.01.18,페퍼저축은행,0:3,61,75,1h 35m,lose,18,IBK 기업은행
188,2022.02.06,페퍼저축은행,3:0,75,58,1h 19m,win,18,IBK 기업은행
24,2021.10.29,한국도로공사,0:3,59,75,1h 23m,lose,18,페퍼저축은행
76,2021.11.28,한국도로공사,1:3,82,96,1h 51m,lose,18,페퍼저축은행
106,2021.12.16,한국도로공사,0:3,59,75,1h 28m,lose,18,페퍼저축은행
140,2022.01.05,한국도로공사,0:3,49,75,1h 17m,lose,18,페퍼저축은행
204,2022.02.27,한국도로공사,0:3,55,75,1h 25m,lose,18,페퍼저축은행
6,2021.10.19,KGC인삼공사,1:3,83,91,1h 47m,lose,18,페퍼저축은행
70,2021.11.25,KGC인삼공사,0:3,44,75,1h 14m,lose,18,페퍼저축은행
100,2021.12.12,KGC인삼공사,0:3,56,75,1h 25m,lose,18,페퍼저축은행
134,2022.01.01,KGC인삼공사,0:3,48,75,1h 18m,lose,18,페퍼저축은행
182,2022.02.03,KGC인삼공사,1:3,71,98,1h 41m,lose,18,페퍼저축은행
208,2022.03.03,KGC인삼공사,1:3,92,100,2h 04m,lose,18,페퍼저축은행
30,2021.11.02,흥국생명,1:3,101,105,2h 07m,lose,18,페퍼저축은행
80,2021.12.01,흥국생명,1:3,81,99,1h 49m,lose,18,페퍼저축은행
122,2021.12.25,흥국생명,1:3,87,99,1h 56m,lose,18,페퍼저축은행
128,2021.12.29,흥국생명,1:3,83,99,1h 51m,lose,18,페퍼저축은행
195,2022.02.11,흥국생명,3:1,93,82,1h 53m,win,18,페퍼저축은행
12,2021.10.22,GS 칼텍스,0:3,48,75,1h 08m,lose,18,페퍼저축은행
60,2021.11.19,GS 칼텍스,0:3,55,75,1h 18m,lose,18,페퍼저축은행
92,2021.12.08,GS 칼텍스,0:3,60,75,1h 26m,lose,18,페퍼저축은행
148,2022.01.09,GS 칼텍스,0:3,53,75,1h 17m,lose,18,페퍼저축은행
201,2022.02.24,GS 칼텍스,0:3,58,75,1h 17m,lose,18,페퍼저축은행
42,2021.11.09,IBK기업은행,3:1,97,90,1h 56m,win,18,페퍼저축은행
54,2021.11.16,IBK기업은행,2:3,96,109,2h 13m,lose,18,페퍼저축은행
88,2021.12.05,IBK기업은행,0:3,51,75,1h 17m,lose,18,페퍼저축은행
162,2022.01.18,IBK기업은행,3:0,75,61,1h 35m,win,18,페퍼저축은행
188,2022.02.06,IBK기업은행,0:3,58,75,1h 19m,lose,18,페퍼저축은행
34,2017.11.05,한국도로공사,1:3,82,100,1h 52m,lose,14,현대건설
46,2017.11.14,한국도로공사,3:1,96,76,1h 35m,win,14,현대건설
104,2017.12.23,한국도로공사,1:3,83,96,1h 51m,lose,14,현대건설
110,2017.12.27,한국도로공사,3:1,98,77,1h 37m,win,14,현대건설
146,2018.01.25,한국도로공사,2:3,100,110,2h 08m,lose,14,현대건설
196,2018.02.28,한국도로공사,0:3,54,75,1h 14m,lose,14,현대건설
4,2017.10.15,KGC인삼공사,3:2,116,108,2h 16m,win,14,현대건설
66,2017.11.26,KGC인삼공사,0:3,65,75,1h 24m,lose,14,현대건설
99,2017.12.20,KGC인삼공사,3:0,75,49,1h 07m,win,14,현대건설
128,2018.01.07,KGC인삼공사,1:3,81,98,1h 44m,lose,14,현대건설
155,2018.01.31,KGC인삼공사,0:3,61,75,1h 13m,lose,14,현대건설
204,2018.03.04,KGC인삼공사,2:3,104,105,2h 08m,lose,14,현대건설
17,2017.10.25,흥국생명,3:0,75,49,1h 07m,win,14,현대건설
56,2017.11.19,흥국생명,3:0,75,59,1h 18m,win,14,현대건설
91,2017.12.14,흥국생명,0:3,69,77,1h 32m,lose,14,현대건설
133,2018.01.11,흥국생명,3:1,99,88,1h 59m,win,14,현대건설
171,2018.02.10,흥국생명,3:1,100,87,1h 41m,win,14,현대건설
214,2018.03.13,흥국생명,2:3,105,106,2h 18m,lose,14,현대건설
22,2017.10.28,GS 칼텍스,3:0,75,60,1h 19m,win,14,현대건설
37,2017.11.08,GS 칼텍스,2:3,102,109,2h 15m,lose,14,현대건설
84,2017.12.09,GS 칼텍스,3:0,75,58,1h 21m,win,14,현대건설
140,2018.01.16,GS 칼텍스,3:1,94,76,1h 41m,win,14,현대건설
179,2018.02.15,GS 칼텍스,0:3,65,75,1h 23m,lose,14,현대건설
185,2018.02.20,GS 칼텍스,2:3,105,109,2h 11m,lose,14,현대건설
7,2017.10.18,IBK기업은행,3:2,105,101,2h 07m,win,14,현대건설
59,2017.11.22,IBK기업은행,3:0,75,51,1h 11m,win,14,현대건설
77,2017.12.05,IBK기업은행,2:3,99,113,2h 05m,lose,14,현대건설
119,2018.01.01,IBK기업은행,1:3,78,94,1h 40m,lose,14,현대건설
163,2018.02.06,IBK기업은행,3:1,98,92,1h 56m,win,14,현대건설
194,2018.02.25,IBK기업은행,0:3,54,75,1h 14m,lose,14,현대건설
217,2018.03.17,IBK기업은행,0:3,56,75,1h 16m,lose,14,현대건설
219,2018.03.19,IBK기업은행,3:1,96,94,1h 55m,win,14,현대건설
221,2018.03.21,IBK기업은행,0:3,60,76,1h 21m,lose,14,현대건설
시즌 상대전적이 없습니다.,시즌 상대전적이 없습니다.,시즌 상대전적이 없습니다.,시즌 상대전적이 없습니다.,시즌 상대전적이 없습니다.,시즌 상대전적이 없습니다.,시즌 상대전적이 없습니다.,시즌 상대전적이 없습니다.,14,현대건설
25,2018.10.31,한국도로공사,2:3,113,115,2h 43m,lose,15,현대건설
43,2018.11.10,한국도로공사,0:3,64,75,1h 30m,lose,15,현대건설
76,2018.12.02,한국도로공사,0:3,56,75,1h 21m,lose,15,현대건설
122,2019.01.02,한국도로공사,3:1,94,87,1h 59m,win,15,현대건설
154,2019.01.30,한국도로공사,3:2,103,102,2h 08m,win,15,현대건설
184,2019.02.17,한국도로공사,1:3,78,94,1h 51m,lose,15,현대건설
29,2018.11.02,KGC인삼공사,1:3,83,95,1h 45m,lose,15,현대건설
70,2018.11.29,KGC인삼공사,0:3,67,75,1h 34m,lose,15,현대건설
79,2018.12.05,KGC인삼공사,3:0,75,56,1h 23m,win,15,현대건설
126,2019.01.05,KGC인삼공사,3:0,80,66,1h 31m,win,15,현대건설
161,2019.02.03,KGC인삼공사,3:0,75,54,1h 14m,win,15,현대건설
194,2019.02.24,KGC인삼공사,3:1,98,87,1h 56m,win,15,현대건설
21,2018.10.28,흥국생명,0:3,68,75,1h 30m,lose,15,현대건설
48,2018.11.14,흥국생명,0:3,61,75,1h 19m,lose,15,현대건설
94,2018.12.15,흥국생명,1:3,86,98,1h 54m,lose,15,현대건설
117,2018.12.30,흥국생명,0:3,55,75,1h 16m,lose,15,현대건설
151,2019.01.27,흥국생명,0:3,61,75,1h 30m,lose,15,현대건설
213,2019.03.09,흥국생명,1:3,74,98,1h 46m,lose,15,현대건설
11,2018.10.23,GS 칼텍스,1:3,77,95,1h 49m,lose,15,현대건설
39,2018.11.07,GS 칼텍스,0:3,50,75,1h 14m,lose,15,현대건설
100,2018.12.19,GS 칼텍스,2:3,105,101,2h 09m,lose,15,현대건설
111,2018.12.26,GS 칼텍스,0:3,58,75,1h 17m,lose,15,현대건설
165,2019.02.05,GS 칼텍스,3:1,89,82,1h 42m,win,15,현대건설
201,2019.03.01,GS 칼텍스,0:3,55,75,1h 18m,lose,15,현대건설
14,2018.10.25,IBK기업은행,0:3,50,75,1h 16m,lose,15,현대건설
63,2018.11.24,IBK기업은행,0:3,57,75,1h 22m,lose,15,현대건설
104,2018.12.22,IBK기업은행,1:3,85,90,1h 50m,lose,15,현대건설
138,2019.01.13,IBK기업은행,3:1,96,82,1h 58m,win,15,현대건설
178,2019.02.14,IBK기업은행,2:3,103,102,2h 15m,lose,15,현대건설
187,2019.02.20,IBK기업은행,3:0,77,69,1h 38m,win,15,현대건설
시즌 상대전적이 없습니다.,시즌 상대전적이 없습니다.,시즌 상대전적이 없습니다.,시즌 상대전적이 없습니다.,시즌 상대전적이 없습니다.,시즌 상대전적이 없습니다.,시즌 상대전적이 없습니다.,시즌 상대전적이 없습니다.,15,현대건설
27,2019.10.31,한국도로공사,3:0,75,55,1h 22m,win,16,현대건설
41,2019.11.09,한국도로공사,3:0,77,68,1h 28m,win,16,현대건설
76,2019.12.01,한국도로공사,3:1,98,78,1h 54m,win,16,현대건설
143,2020.01.30,한국도로공사,3:0,75,61,1h 21m,win,16,현대건설
161,2020.02.11,한국도로공사,3:0,75,59,1h 23m,win,16,현대건설
14,2019.10.23,KGC인삼공사,3:1,98,77,1h 54m,win,16,현대건설
52,2019.11.16,KGC인삼공사,3:1,97,88,2h 04m,win,16,현대건설
98,2019.12.15,KGC인삼공사,3:1,95,90,1h 51m,win,16,현대건설
131,2020.01.23,KGC인삼공사,3:2,118,105,2h 20m,win,16,현대건설
168,2020.02.15,KGC인삼공사,1:3,91,93,1h 53m,lose,16,현대건설
19,2019.10.26,흥국생명,0:3,50,75,1h 17m,lose,16,현대건설
47,2019.11.13,흥국생명,3:2,103,98,2h 05m,win,16,현대건설
82,2019.12.05,흥국생명,3:2,102,103,2h 09m,win,16,현대건설
138,2020.01.27,흥국생명,3:2,106,105,2h 17m,win,16,현대건설
150,2020.02.04,흥국생명,3:2,95,102,2h 03m,win,16,현대건설
185,2020.02.26,흥국생명,0:3,57,77,1h 19m,lose,16,현대건설
36,2019.11.06,GS 칼텍스,1:3,74,101,1h 51m,lose,16,현대건설
71,2019.11.28,GS 칼텍스,1:3,84,99,1h 52m,lose,16,현대건설
103,2019.12.19,GS 칼텍스,3:0,75,58,1h 25m,win,16,현대건설
120,2020.01.16,GS 칼텍스,3:1,100,84,1h 51m,win,16,현대건설
181,2020.02.23,GS 칼텍스,2:3,102,117,2h 27m,lose,16,현대건설
192,2020.03.01,GS 칼텍스,3:0,75,59,1h 19m,win,16,현대건설
32,2019.11.03,IBK기업은행,3:1,96,79,1h 50m,win,16,현대건설
56,2019.11.19,IBK기업은행,3:2,101,107,2h 22m,win,16,현대건설
89,2019.12.10,IBK기업은행,3:1,96,82,1h 42m,win,16,현대건설
125,2020.01.19,IBK기업은행,0:3,69,77,1h 31m,lose,16,현대건설
172,2020.02.18,IBK기업은행,3:0,75,63,1h 25m,win,16,현대건설
시즌 상대전적이 없습니다.,시즌 상대전적이 없습니다.,시즌 상대전적이 없습니다.,시즌 상대전적이 없습니다.,시즌 상대전적이 없습니다.,시즌 상대전적이 없습니다.,시즌 상대전적이 없습니다.,시즌 상대전적이 없습니다.,16,현대건설
10,2020.10.23,한국도로공사,3:0,75,66,1h 32m,win,17,현대건설
72,2020.12.04,한국도로공사,1:3,78,96,1h 47m,lose,17,현대건설
78,2020.12.08,한국도로공사,2:3,96,105,2h 04m,lose,17,현대건설
132,2021.01.16,한국도로공사,1:3,75,96,1h 41m,lose,17,현대건설
146,2021.01.27,한국도로공사,0:3,65,76,1h 31m,lose,17,현대건설
198,2021.03.14,한국도로공사,2:3,102,97,2h 08m,lose,17,현대건설
34,2020.11.08,KGC인삼공사,0:3,59,75,1h 27m,lose,17,현대건설
65,2020.11.29,KGC인삼공사,3:0,75,63,1h 25m,win,17,현대건설
84,2020.12.12,KGC인삼공사,1:3,85,97,2h 06m,lose,17,현대건설
113,2021.01.01,KGC인삼공사,3:0,75,60,1h 23m,win,17,현대건설
161,2021.02.06,KGC인삼공사,2:3,106,110,2h 20m,lose,17,현대건설
185,2021.02.26,KGC인삼공사,2:3,105,114,2h 16m,lose,17,현대건설
26,2020.11.03,흥국생명,1:3,82,98,1h 49m,lose,17,현대건설
55,2020.11.22,흥국생명,0:3,54,75,1h 20m,lose,17,현대건설
108,2020.12.29,흥국생명,3:2,101,106,2h 00m,win,17,현대건설
119,2021.01.08,흥국생명,0:3,65,76,1h 25m,lose,17,현대건설
153,2021.01.31,흥국생명,3:2,107,105,2h 12m,win,17,현대건설
192,2021.03.09,흥국생명,3:1,101,75,1h 46m,win,17,현대건설
2,2020.10.17,GS 칼텍스,3:2,104,102,2h 08m,win,17,현대건설
43,2020.11.14,GS 칼텍스,0:3,69,79,1h 34m,lose,17,현대건설
94,2020.12.19,GS 칼텍스,3:1,98,97,1h 58m,win,17,현대건설
140,2021.01.22,GS 칼텍스,1:3,93,103,2h 04m,lose,17,현대건설
165,2021.02.09,GS 칼텍스,3:2,104,108,2h 18m,win,17,현대건설
189,2021.03.05,GS 칼텍스,2:3,105,106,2h 21m,lose,17,현대건설
20,2020.10.30,IBK기업은행,1:3,94,93,1h 58m,lose,17,현대건설
47,2020.11.17,IBK기업은행,1:3,86,92,1h 47m,lose,17,현대건설
104,2020.12.26,IBK기업은행,1:3,91,101,1h 56m,lose,17,현대건설
125,2021.01.12,IBK기업은행,2:3,99,106,2h 07m,lose,17,현대건설
170,2021.02.13,IBK기업은행,3:1,93,92,1h 58m,win,17,현대건설
181,2021.02.20,IBK기업은행,3:2,112,105,2h 14m,win,17,현대건설
시즌 상대전적이 없습니다.,시즌 상대전적이 없습니다.,시즌 상대전적이 없습니다.,시즌 상대전적이 없습니다.,시즌 상대전적이 없습니다.,시즌 상대전적이 없습니다.,시즌 상대전적이 없습니다.,시즌 상대전적이 없습니다.,17,현대건설
8,2021.10.20,한국도로공사,3:0,75,56,1h 25m,win,18,현대건설
56,2021.11.17,한국도로공사,3:0,75,47,1h 18m,win,18,현대건설
90,2021.12.07,한국도로공사,2:3,104,112,2h 23m,lose,18,현대건설
146,2022.01.08,한국도로공사,3:1,98,88,2h 11m,win,18,현대건설
200,2022.02.23,한국도로공사,0:3,59,75,1h 34m,lose,18,현대건설
206,2022.03.01,한국도로공사,3:2,110,103,2h 29m,win,18,현대건설
28,2021.10.31,KGC인삼공사,3:0,77,60,1h 34m,win,18,현대건설
84,2021.12.03,KGC인삼공사,3:1,100,81,1h 59m,win,18,현대건설
108,2021.12.17,KGC인삼공사,3:0,76,51,1h 24m,win,18,현대건설
138,2022.01.04,KGC인삼공사,3:2,111,111,2h 25m,win,18,현대건설
202,2022.02.25,KGC인삼공사,2:3,95,106,2h 16m,lose,18,현대건설
16,2021.10.24,흥국생명,3:1,93,88,1h 55m,win,18,현대건설
72,2021.11.26,흥국생명,3:1,93,86,1h 51m,win,18,현대건설
102,2021.12.14,흥국생명,3:0,75,55,1h 25m,win,18,현대건설
164,2022.01.19,흥국생명,3:1,97,71,1h 41m,win,18,현대건설
170,2022.01.28,흥국생명,3:0,75,57,1h 19m,win,18,현대건설
20,2021.10.27,GS 칼텍스,3:1,90,90,2h 02m,win,18,현대건설
44,2021.11.10,GS 칼텍스,3:0,75,51,1h 17m,win,18,현대건설
98,2021.12.11,GS 칼텍스,3:1,97,85,2h 03m,win,18,현대건설
130,2021.12.30,GS 칼텍스,3:1,97,86,1h 50m,win,18,현대건설
184,2022.02.04,GS 칼텍스,3:2,100,104,2h 09m,win,18,현대건설
4,2021.10.17,IBK기업은행,3:1,98,73,1h 47m,win,18,현대건설
62,2021.11.20,IBK기업은행,3:1,96,88,1h 51m,win,18,현대건설
124,2021.12.26,IBK기업은행,3:0,75,62,1h 27m,win,18,현대건설
150,2022.01.11,IBK기업은행,3:1,97,87,1h 55m,win,18,현대건설
199,2022.02.22,IBK기업은행,3:1,94,81,1h 54m,win,18,현대건설
36,2021.11.05,페퍼저축은행,3:2,107,96,2h 08m,win,18,현대건설
50,2021.11.13,페퍼저축은행,3:0,75,53,1h 18m,win,18,현대건설
116,2021.12.22,페퍼저축은행,3:0,75,54,1h 18m,win,18,현대건설
156,2022.01.14,페퍼저축은행,3:0,75,52,1h 18m,win,18,현대건설
176,2022.01.31,페퍼저축은행,3:0,75,51,1h 18m,win,18,현대건설
